PoolID,Id_code,Time_Point,Foundation_spp,Before_After,Removal_Control,Day_Night,Group,TADeltaTime,DICDeltaTime,DeltaTime,DeltaNN,DeltaNH4,DeltaPO,DeltapH,DeltapCO2,DeltaDO,SurfaceArea,Vol,SAtoV,TideHeight,SamplingVolume,AdjSamplingVolume,DeltaTA_N_Norm,NEC.mmol.m2.hr,Tempmean,pCO2mean,Salinitymean,Windmean,pHmean,DOmean,NNmean,NH4mean,POmean,K,dpCO2,a,F_CO2,NEP.mmol.m2.hr
1,D_1_4_AI,4,Phyllospadix,After,Control,Day,After_Control,21.32991926,-14.07727487,0.966666667,3.445624,0.443496,0.2150181,0.004542299,-0.026118584,3.63,3.61,0.291468955,12.38553861,0.927449,0.290118955,0.290118955,-17.89775506,-0.7610906,11.95,1037.474307,35.05,0.85,7.670291294,10.335,11.150948,2.3394414,0.65441695,0.18050031,626.6143068,0.041174906,0.046570497,-0.482734139
1,N_1_4_AI,4,Phyllospadix,After,Control,Night,After_Control,32.43604456,-71.82842251,1.133333333,-1.1283472,0.1330488,-0.045199,-0.135101368,470.226092,-1.17,3.61,0.291468955,12.38553861,0.927449,0.290118955,0.290098955,-33.78783856,-1.22542673,11.2,1385.36481,35.45,0.45,7.549501915,2.475,2.5861112,3.5257932,0.7264125,0.049522998,974.5048103,0.042083124,0.020309484,-4.00506918
1,D_1_4_BC,4,Phyllospadix,Before,Control,Day,Before_Control,-42.81766451,81.98182268,1.116666667,0.1741744,0.3658842,0.1956471,0.074086733,-74.43918138,2.23,3.61,0.291468955,12.38553861,0.927449,0.290118955,0.290118955,43.01724891,1.583556712,14.4,337.3014082,35,0.55,8.097949088,11.255,1.4804824,6.5249349,0.62536045,0.080874952,-73.55859176,0.038149662,-0.002269542,4.45456444
1,D_1_5_BC,5,Phyllospadix,Before,Control,Day,Before_Control,-2.163227892,61.89523551,0.983333333,0.5376688,-1.7407218,0.071027,0.088837564,-67.80127198,-0.48,3.61,0.291468955,12.38553861,0.927449,0.289718955,0.289718955,4.583672492,0.191349867,15.5,266.1811816,35.05,0.35,8.179411237,12.13,1.836404,5.8375161,0.7586975,0.03373,-144.6788184,0.036888534,-0.001800167,4.978203932
1,N_1_4_BC,4,Phyllospadix,Before,Control,Night,Before_Control,43.27568173,-71.86574609,0.85,-0.0151456,6.6635274,-1.4302255,-0.096860698,261.2265611,-0.23,3.61,0.291468955,12.38553861,0.927449,0.290118955,0.290118955,-52.81480573,-2.554178837,15.35,1001.072912,33.1,5,7.672626624,3.755,0.4581544,4.7620383,1.33175625,6.85633903,590.2129119,0.0374607,1.515922093,-5.912747438
10,D_10_4_AI,4,Mytilus,After,Removal,Day,After_Removal,4.087411119,82.17196279,0.983333333,0.151456,1.441362,0.445533,0.205643463,-251.2284856,1.12,2.205,0.318639788,6.920039761,1.107963001,0.317289788,0.317289788,-4.486251119,-0.335796339,12.8,481.4063087,34.7,0.3,7.952864251,16.26,12.798032,13.027695,3.6643475,0.023027283,70.54630873,0.040159894,0.000652393,12.63630299
10,N_10_4_AI,4,Mytilus,After,Removal,Night,After_Removal,52.04783042,-65.77996954,1.1,0.530096,-1.10874,0.32285,-0.039008631,259.8308049,0.11,2.205,0.318639788,6.920039761,1.107963001,0.317289788,0.317289788,-49.76329442,-3.329734277,10.8,2332.15827,35.45,0.35,7.330071863,2.055,13.744632,23.061792,4.997718,0.029616799,1921.29827,0.042632882,0.024259263,-5.49739151
10,D_10_4_BC,4,Mytilus,Before,Removal,Day,Before_Removal,-41.62366813,31.48824431,1.133333333,0.681552,5.211078,0.594044,-0.059379612,129.6309902,0.27,2.042,0.227626569,8.970833281,1.107963001,0.226276569,0.226276569,38.28223013,1.914560314,15.65,1092.798498,35.5,0.85,7.612516284,8.475,16.546568,21.010623,4.138937,0.199728888,681.9384976,0.036631113,0.049892608,1.185109824
10,D_10_5_BC,5,Mytilus,Before,Removal,Day,Before_Removal,31.35179747,-50.1055866,1.183333333,2.65048,-0.221748,0.238909,-0.088873603,324.8884478,-0.68,2.042,0.227626569,8.970833281,1.107963001,0.225876569,0.225876569,-28.00175147,-1.338872375,17,1320.058217,35.95,1.65,7.538389677,8.27,18.212584,23.505288,4.5554135,0.77954809,909.1982166,0.035110649,0.248851547,-3.701464148
10,N_10_4_BC,4,Mytilus,Before,Removal,Night,Before_Removal,42.39656182,-50.59369239,0.883333333,0.2044656,10.089534,1.343056,-0.028401242,210.3861414,-0.76,2.042,0.227626569,8.970833281,1.107963001,0.226276569,0.226276569,-49.59551822,-3.182345282,15.1,2226.728299,33.3,5.05,7.361031289,2.1,3.956788,21.010623,2.627999,6.947740163,1815.868299,0.037702668,4.756636836,-8.067079775
11,D_11_4_AI,4,Mytilus,After,Removal,Day,After_Removal,-7.803837218,76.05919791,0.983333333,-0.984464,1.0754778,0.077484,0.13963273,-125.4233987,2.1,1.574,0.178274771,8.829067553,1.673113001,0.176924771,0.176924771,5.898863418,0.344903128,12.9,333.2618185,34.8,0.3,8.083298129,17.09,7.76212,5.2942335,1.459282,0.023091484,-77.59818153,0.040011124,-0.000716942,8.550088318
11,N_11_4_AI,4,Mytilus,After,Removal,Night,After_Removal,36.39552088,-67.26163,1.083333333,-0.0530096,0.665244,0.19371,-0.104835794,455.7579273,-0.35,1.574,0.178274771,8.829067553,1.673113001,0.176924771,0.176924771,-36.72635448,-1.949150029,10.9,1703.743714,35.5,0.3,7.446498755,2.935,6.228628,13.083132,1.67882,0.02182188,1292.883714,0.04248225,0.011985582,-5.202286769
11,D_11_4_BC,4,Mytilus,Before,Removal,Day,Before_Removal,-10.71897786,3.259881115,1.116666667,3.7864,1.441362,0.6457,-0.058768293,259.130402,-0.82,1.062,0.117053419,9.072780656,1.673113001,0.115703419,0.115703419,14.35541586,0.716406539,16.1,1807.21361,35.25,0.9,7.394856941,6.62,10.22328,24.780339,2.25995,0.226581918,1396.35361,0.036193427,0.114511833,-0.50554986
11,D_11_5_BC,5,Mytilus,Before,Removal,Day,Before_Removal,46.05633719,-42.43679274,1.216666667,0.151456,-1.995732,0.374506,-0.019945166,161.7781423,-1.36,1.062,0.117053419,9.072780656,1.673113001,0.115303419,0.115303419,-43.16013719,-1.9700376,18.3,2017.667882,35.8,1.6,7.355500211,5.53,12.192208,24.503154,2.770053,0.757589954,1606.807882,0.033845799,0.412005422,-2.316009137
11,N_11_4_BC,4,Mytilus,Before,Removal,Night,Before_Removal,80.30086057,-84.07817159,0.883333333,-0.037864,6.09807,0.619872,-0.010777501,123.8767371,-0.18,1.062,0.117053419,9.072780656,1.673113001,0.115703419,0.115703419,-85.19705057,-5.374861237,15.1,1931.387226,33.3,4.75,7.382439141,2.68,1.949996,18.571395,1.459282,6.146785116,1520.527226,0.037702668,3.523824832,-8.757511715
12,D_12_4_AI,4,Mytilus,After,Control,Day,After_Control,-67.68489626,116.6505048,1.066666667,-1.8023264,0.221748,-0.290565,0.131101751,-189.9517541,1.58,2.552,0.231796657,11.00964974,1.333388001,0.230446657,0.230446657,65.07969186,2.818072384,14.2,514.1905367,34.7,0.35,7.890309233,13.85,7.1260048,11.198274,2.1856945,0.032573877,103.3305367,0.03844905,0.001294147,7.283003558
12,N_12_4_AI,4,Mytilus,After,Control,Night,After_Control,19.25608004,-31.89472281,1.133333333,-0.719416,-1.773984,0.025828,-0.035035986,220.622425,0.83,2.552,0.231796657,11.00964974,1.333388001,0.230446657,0.230411657,-18.14985604,-0.739579623,10.75,2507.094032,35.5,0.3,7.27463009,1.815,6.6375592,19.846446,2.240579,0.021728016,2096.234032,0.042690137,0.01944408,-1.879189434
12,D_12_4_BC,4,Mytilus,Before,Control,Day,Before_Control,-33.13565354,59.37071853,1.116666667,0.8405808,-0.997866,0.264737,0.008167793,-15.43160054,-0.08,2.552,0.231796657,11.00964974,1.333388001,0.230446657,0.230446657,35.50357434,1.46853366,19.05,333.7548118,34.65,0.55,8.034291582,11.72,3.0783432,12.916821,1.6239355,0.091205056,-77.10518817,0.033342358,-0.002344762,3.445310872
12,D_12_5_BC,5,Mytilus,Before,Control,Day,Before_Control,-68.35239711,72.81618869,1.066666667,4.9829024,8.426424,0.639243,-0.0270205,10.69648598,1.66,2.552,0.231796657,11.00964974,1.333388001,0.230046657,0.230046657,66.18736151,2.861061801,22.55,331.3872545,34.65,1.3,8.024865228,12.51,5.9900848,16.6311,2.0759255,0.554374837,-79.47274545,0.030303187,-0.013350884,3.447497449
12,N_12_4_BC,4,Mytilus,Before,Control,Night,Before_Control,-58.12270898,54.05651493,0.883333333,-0.8027168,-1.219614,-0.058113,-0.019073682,51.85452894,0.94,2.552,0.231796657,11.00964974,1.333388001,0.230446657,0.230446657,58.42338018,3.05490311,15.15,1809.718526,33.35,4.75,7.415220464,3.6,2.6807712,14.358183,1.0557195,6.15499172,1398.858526,0.037635127,3.240370346,-0.642145716
13,D_13_4_AI,4,Mytilus,After,Control,Day,After_Control,-71.18436217,92.32550105,1.05,-0.681552,0.332622,0.06457,0.055376896,-126.4481656,1.42,4.16,0.277221869,15.00603112,1.177813001,0.275871869,0.275871869,70.29932817,2.271023357,14.35,741.0407902,34.75,0.35,7.742180162,11.45,9.27668,17.130033,2.64737,0.032706703,330.1807902,0.038261782,0.004131938,3.69000468
13,N_13_4_AI,4,Mytilus,After,Control,Night,After_Control,26.06332958,-40.07911194,1.116666667,0.0908736,-1.773984,0.096855,-0.037149128,259.555527,-0.12,4.16,0.277221869,15.00603112,1.177813001,0.275871869,0.275871869,-24.00476198,-0.729178033,10.55,2539.246592,35.5,0.2,7.272269415,1.5,5.9370752,26.720634,2.6764265,0.009601419,2128.386592,0.042969746,0.008781096,-1.714520606
13,D_13_4_BC,4,Mytilus,Before,Control,Day,Before_Control,-24.21931638,12.45700501,1.066666667,1.7493168,7.76118,0.535931,-0.08871515,322.1335029,-0.99,4.16,0.277221869,15.00603112,1.177813001,0.275871869,0.275871869,19.27931518,0.613087703,18.35,1560.122483,35.25,0.55,7.437673103,7.125,7.3796936,29.270736,2.5795715,0.089632005,1149.262483,0.033899467,0.034920078,0.144264819
13,D_13_5_BC,5,Mytilus,Before,Control,Day,Before_Control,-24.58928975,-3.642127954,0.966666667,3.332032,13.637502,0.187253,-0.11958421,552.1670378,-0.76,4.16,0.277221869,15.00603112,1.177813001,0.275471869,0.275471869,14.65832575,0.513614398,20.05,1997.272753,36.15,1.3,7.333523423,6.25,9.920368,39.970077,2.9411635,0.522173494,1586.412753,0.032162006,0.266424494,-1.035272591
13,N_13_4_BC,4,Mytilus,Before,Control,Night,Before_Control,-47.26132484,38.22281249,0.883333333,0.1211648,-5.432826,0.109769,-0.032639497,186.1641903,0.64,4.16,0.277221869,15.00603112,1.177813001,0.275871869,0.275871869,53.03485364,2.036556583,15.1,1958.328625,33.3,4.75,7.381979553,2.76,2.4157232,17.351781,1.2300585,6.146785116,1547.468625,0.037702668,3.586261579,-2.687279924
14,D_14_4_AI,4,Mytilus,After,Control,Day,After_Control,61.3284231,-55.15152473,1,-4.316496,-3.88059,-0.781297,0.012934851,-63.46909152,0.56,0.583,0.043557393,13.38463944,0.904763001,0.042207393,0.042207393,-63.3269231,-2.345060214,13.35,1721.620088,35.05,0.4,7.448581694,6.69,11.245608,19.125765,2.7216255,0.041566592,1310.760088,0.039395905,0.021464398,-1.761038019
14,N_14_4_AI,4,Mytilus,After,Control,Night,After_Control,118.8619036,-137.0373758,1.066666667,-3.0897024,-7.872054,-0.949179,-0.039576429,358.753679,0.48,0.583,0.043557393,13.38463944,0.904763001,0.042207393,0.042207393,-115.97791,-4.026355949,10.8,2447.946124,35.55,0.2,7.309570964,1.16,5.035912,24.115095,2.5150015,0.009670791,2037.086124,0.042608459,0.008393967,-5.496975014
14,D_14_4_BC,4,Mytilus,Before,Control,Day,Before_Control,-23.33258204,17.81115745,1.05,5.8083376,12.528762,1.207459,-0.047965961,186.6022938,-0.4,0.583,0.043557393,13.38463944,0.904763001,0.042207393,0.042207393,19.02707564,0.67103992,15.05,1498.145531,36.65,0.55,7.507051333,6.23,9.5909512,22.562859,3.0057335,0.082301201,1087.285531,0.037059069,0.033162272,0.552112534
14,D_14_5_BC,5,Mytilus,Before,Control,Day,Before_Control,-16.99116476,8.411308678,0.866666667,-1.8932,3.991464,-0.426162,-0.073390037,382.8783293,1.77,0.583,0.043557393,13.38463944,0.904763001,0.041807393,0.041807393,10.25417676,0.433989154,18.8,1782.885842,35.35,0.8,7.446373334,6.915,11.54852,30.822972,3.396382,0.191772434,1372.025842,0.033450669,0.088014308,0.189982849
14,N_14_4_BC,4,Mytilus,Before,Control,Night,Before_Control,-7.404137194,-2.698346101,0.866666667,-1.3025216,-8.759046,-0.587587,-0.031024229,188.9437358,-1.74,0.583,0.043557393,13.38463944,0.904763001,0.042207393,0.042207393,13.68548759,0.584754797,15.05,2076.88499,33.3,4.75,7.365307857,2.73,2.8246544,18.904017,1.2946285,6.138581345,1666.02499,0.037759828,3.861708877,-4.677054045
15,D_15_4_AI,4,Mytilus,After,Removal,Day,After_Removal,-27.67579409,194.5227073,1,-1.3176672,-0.055437,0.019371,0.212700215,-40.92123968,-0.49,1.504,0.108999648,13.79820971,0.879363001,0.107649648,0.107649648,26.45230589,0.968442749,14.4,55.20271282,34.85,0.4,8.67590333,31.265,2.0598016,2.5223835,1.6497635,0.042776834,-355.6572872,0.038181802,-0.005808938,13.2806693
15,N_15_4_AI,4,Mytilus,After,Removal,Night,After_Removal,0.24285357,-19.28802224,1.066666667,-1.1283472,-1.8959454,-0.355135,-0.057519763,260.6535726,-0.45,1.504,0.108999648,13.79820971,0.879363001,0.107649648,0.107649648,-0.18552537,-0.006367735,10.5,1906.004249,35.55,0.45,7.401873066,2.415,2.6921304,4.7842131,1.0880045,0.048537104,1495.144249,0.043027736,0.031225216,-1.348892237
15,D_15_4_BC,4,Mytilus,Before,Removal,Day,Before_Removal,5.156045932,-38.19050605,1.033333333,1.2419392,2.882724,0.400334,-0.119102116,132.4219811,-1.36,1.07,0.072106249,14.83921315,0.879363001,0.070756249,0.070756249,-5.996162732,-0.196272581,18.4,451.9326124,35.05,0.55,7.940340594,8.47,3.066984,13.083132,1.439911,0.089744138,41.07261238,0.033888242,0.001249129,-2.305158595
15,D_15_5_BC,5,Mytilus,Before,Removal,Day,Before_Removal,-98.89003632,-39.06215218,0.866666667,-1.7720352,-5.155641,-0.677985,-0.410122186,858.5713238,1.41,1.07,0.072106249,14.83921315,0.879363001,0.070356249,0.070356249,100.9176721,3.916333514,18.5,947.4292648,35.35,0.8,7.675728443,8.495,2.801936,11.9466735,1.3010855,0.190346587,536.5692648,0.033736503,0.034456483,-6.982576452
15,N_15_4_BC,4,Mytilus,Before,Removal,Night,Before_Removal,48.66075102,-57.77203052,0.85,-0.227184,1.5189738,-2.879822,-0.019455115,122.2863742,-0.32,1.07,0.072106249,14.83921315,0.879363001,0.070756249,0.070756249,-56.16655282,-2.235041066,15.05,1797.972896,33.3,4.5,7.430468114,3.06,0.8784448,7.9219473,2.563429,5.509419268,1387.112896,0.037759828,2.88567646,-5.248491385
16,D_16_4_AI,4,Mytilus,After,Removal,Day,After_Removal,70.68062468,-51.60629097,1.016666667,1.438832,1.6963722,0.380963,0.025967212,-33.28236073,0.57,7.54,0.868831169,8.678325859,1.771538001,0.867481169,0.867481169,-70.17623888,-4.06205549,14.2,682.5157162,34.75,0.4,7.809421136,9.665,16.243656,6.0592641,1.7207905,0.042545472,271.6557162,0.038438246,0.004442585,-1.916706064
16,N_16_4_AI,4,Mytilus,After,Removal,Night,After_Removal,-2.662638841,-13.87381474,0.933333333,3.899992,-3.0712098,-0.749012,-0.052794196,197.2847661,0.27,7.54,0.868831169,8.678325859,1.771538001,0.867481169,0.867481169,8.135816641,0.512977981,10.75,1584.387934,35.5,0.5,7.460516505,3.455,11.681044,10.1061651,1.736933,0.0603556,1173.527934,0.042690137,0.03023699,-2.292753286
16,D_16_4_BC,4,Mytilus,Before,Removal,Day,Before_Removal,-44.02767439,26.13716005,1.05,3.59708,4.102338,0.852324,-0.092567214,261.8295357,-1.04,6.88,0.669,10.28400598,1.771538001,0.66765,0.66765,45.22706439,2.138036689,18.2,1225.139674,34.75,0.4,7.528688629,7.25,16.906276,16.908285,1.672363,0.047230841,814.2796736,0.034138376,0.013129317,0.320018356
16,D_16_5_BC,5,Mytilus,Before,Removal,Day,Before_Removal,261.0257426,-264.5298452,1.1,4.581544,3.104472,0.148511,-0.042817831,405.0370274,-0.63,6.88,0.669,10.28400598,1.771538001,0.66725,0.66725,-259.2516486,-11.69161818,20.35,1558.572955,34.8,1.25,7.460996106,6.415,20.995588,20.51169,2.1727805,0.486301814,1147.712955,0.032130514,0.179331608,-12.34701741
16,N_16_4_BC,4,Mytilus,Before,Removal,Night,Before_Removal,80.70449641,-69.70280669,0.866666667,0.6701928,5.987196,-0.019371,0.043288118,-155.0693116,0.59,6.88,0.669,10.28400598,1.771538001,0.66765,0.66765,-86.06024161,-4.928973928,15.2,1863.805063,33.3,4.75,7.397879199,3.445,3.8299436,19.070328,1.1654885,6.163201132,1452.945063,0.037588757,3.365995214,-6.421273025
17,D_17_4_AI,4,Mytilus,After,Removal,Day,After_Removal,-18.16522444,100.2467884,1.066666667,-0.0984464,0.8759046,0.832953,0.133341231,-79.77567692,2.71,1.453,0.100739305,14.42336736,1.086199,0.099389305,0.099389305,18.85677944,0.618526732,14.9,204.0176906,35.1,0.85,8.240325266,19.905,3.5099928,8.1215205,2.3729475,0.195783083,-206.8423094,0.037551897,-0.015207101,5.973128758
17,N_17_4_AI,4,Mytilus,After,Removal,Night,After_Removal,11.20518968,-40.33832866,1.85,3.0897024,8.1159768,1.136432,-0.096776441,517.1890013,-0.41,1.453,0.100739305,14.42336736,1.086199,0.099389305,0.099389305,-13.95860008,-0.26399142,12,2170.006331,35.65,0.5,7.353334587,1.435,5.641736,11.2426236,2.13081,0.062545132,1759.146331,0.040969068,0.045076643,-1.306879015
17,D_17_4_BC,4,Mytilus,Before,Removal,Day,Before_Removal,-122.7553454,100.748459,1.066666667,1.8704816,10.1671458,1.020206,-0.048671682,27.07447987,-0.57,1.107,0.081507918,13.58150268,1.086199,0.080157918,0.080007918,116.4990932,4.03761407,17.1,399.7821817,34.35,3.65,7.947690888,10.125,2.2680536,14.0976291,1.446368,3.824507026,-11.0778183,0.035318905,-0.014963629,2.960809849
17,D_17_5_BC,5,Mytilus,Before,Removal,Day,Before_Removal,-90.47709917,-42.73222682,0.966666667,0.8178624,2.660976,0.439076,-0.479346833,914.7026114,-0.41,1.107,0.081507918,13.58150268,1.086199,0.079757918,0.079757918,89.51213757,3.412534167,17.45,870.6707274,34,3,7.68368163,9.635,3.6122256,20.51169,2.176009,2.606850304,459.8107274,0.035028359,0.41987014,-7.090625772
17,N_17_4_BC,4,Mytilus,Before,Removal,Night,Before_Removal,95.77115089,-115.1774896,1.033333333,-0.39302832,1.66311,-0.161425,-0.05218684,410.14629,0.83,1.107,0.081507918,13.58150268,1.086199,0.080157918,0.080157918,-98.15013921,-3.517992618,14.6,2486.371394,33.5,4.65,7.32005728,2.945,0.85610504,30.324039,2.7345395,5.812203834,2075.511394,0.038237567,4.61271065,-9.351324929
18,D_18_4_AI,4,Phyllospadix,After,Control,Day,After_Control,-45.38626323,79.00770055,1.083333333,-1.0071824,1.4746242,-0.103312,0.086358965,-195.3844216,1.33,5.038,0.361621622,13.93168909,1.615963001,0.360271622,0.360271622,42.69783263,1.441654704,14.4,843.771111,35.7,0.7,7.733141468,8.735,4.6231944,9.2746101,1.510938,0.131004055,432.911111,0.038000032,0.021551,3.872045111
18,N_18_4_AI,4,Phyllospadix,After,Control,Night,After_Control,20.23860865,-45.25258765,1.85,-0.719416,0.3769716,-0.038742,-0.079959924,442.2692601,-0.94,5.038,0.361621622,13.93168909,1.615963001,0.360271622,0.360271622,-21.41248025,-0.423362879,12.3,2217.546308,35.65,0.5,7.337766875,1.62,4.2597,8.7368712,1.35597,0.063075923,1806.686308,0.040580046,0.046244373,-1.412330038
18,D_18_4_BC,4,Phyllospadix,Before,Control,Day,Before_Control,-14.16192903,3.901132543,1.033333333,0.0454368,0.8204676,0.058113,-0.035405776,38.51156997,-0.14,5.038,0.361621622,13.93168909,1.615963001,0.360271622,0.360231622,13.50312423,0.477928723,15.75,470.1209076,34.75,3.55,7.947506411,9.44,1.2267936,8.8477452,1.1525745,3.493054618,59.26090756,0.036674602,0.075917008,-0.277692855
18,D_18_5_BC,5,Phyllospadix,Before,Control,Day,Before_Control,-41.70802036,18.52404545,1.1,0.0833008,5.931759,0.251823,-0.060055243,72.07665719,-0.73,5.038,0.361621622,13.93168909,1.615963001,0.359871622,0.359871622,36.36320816,1.20782658,16.2,525.4150211,34.8,2.75,7.899775901,9.005,1.2911624,12.2238585,1.3075425,2.121001007,114.5550211,0.036176491,0.087898496,-0.06514969
18,N_18_4_BC,4,Phyllospadix,Before,Control,Night,Before_Control,19.06166715,-35.82165532,1,-0.0151456,2.328354,0.090398,-0.059455398,277.5743791,-0.25,5.038,0.361621622,13.93168909,1.615963001,0.360271622,0.360271622,-21.22437075,-0.776340696,14.7,1802.512918,33.4,4.9,7.418409272,3.865,0.8254352,13.360317,0.981464,6.47137889,1391.652918,0.038142421,3.435073379,-5.279287059
18,N_18_5_BC,5,Phyllospadix,Before,Control,Night,Before_Control,14.45919809,-23.67105582,1,0.2953392,1.66311,-0.019371,-0.030960468,168.321555,-0.04,5.038,0.361621622,13.93168909,1.615963001,0.359871622,0.359871622,-15.86571089,-0.579688403,14.7,2025.460885,33.4,4.15,7.373201339,3.72,0.965532,15.356049,1.0169775,4.641954308,1614.600885,0.038142421,2.858737666,-4.008796721
19,D_19_4_AI,4,Mytilus,After,Control,Day,After_Control,-48.73546743,84.05680447,1.083333333,-0.530096,1.884858,0.232452,0.10222553,-231.5297449,0.93,5.4395,0.649514563,8.374715994,1.070324,0.648164563,0.648164563,46.78541743,2.632208836,13.45,834.0385049,35.55,0.85,7.721955733,11.295,7.989304,13.803813,2.479488,0.188217398,423.1785049,0.039162712,0.031192927,6.794889971
19,N_19_4_AI,4,Mytilus,After,Control,Night,After_Control,9.596818095,-29.90884099,1.85,-2.0295104,4.0690758,0.012914,-0.062092346,334.3572683,-0.29,5.4395,0.649514563,8.374715994,1.070324,0.648164563,0.648164563,-15.6695763,-0.51624691,11.75,2298.577555,35.7,0.45,7.336967277,1.065,5.263096,12.7117041,2.137267,0.050304481,1887.717555,0.041285899,0.039205359,-1.493700535
19,D_19_4_BC,4,Mytilus,Before,Control,Day,Before_Control,-79.10120593,66.21134901,1.083333333,0.908736,1.10874,0.684442,-0.032279619,23.41930568,0.15,5.4395,0.649514563,8.374715994,1.070324,0.648164563,0.648164563,80.27008593,4.516100124,15.55,476.5729332,34.6,3.7,7.920964814,10.035,3.0442656,12.972258,1.704648,3.774492218,65.71293318,0.036925757,0.091588046,2.842586189
19,D_19_5_BC,5,Mytilus,Before,Control,Day,Before_Control,-121.7224589,93.9891985,0.983333333,1.1132016,6.09807,-0.251823,-0.068489549,57.74562259,-0.3,5.4395,0.649514563,8.374715994,1.070324,0.647764563,0.647764563,116.2339445,7.200059039,15.9,517.1553973,34.55,3.05,7.87058023,9.96,4.0552344,16.575663,1.9209575,2.588585287,106.2953973,0.036551391,0.100572871,4.343604739
19,N_19_4_BC,4,Mytilus,Before,Control,Night,Before_Control,100.6844731,-125.4329052,1.016666667,-0.9996096,0.776118,0.051656,-0.070084138,492.6172473,0.06,5.4395,0.649514563,8.374715994,1.070324,0.648164563,0.648164563,-102.3568887,-6.136354374,14.5,2404.505272,33.4,4.65,7.345058187,3.1,3.02912,37.530849,3.002505,5.796539918,1993.645272,0.038376169,4.434843846,-13.33803915
19,N_19_5_BC,5,Mytilus,Before,Control,Night,Before_Control,218.4377401,-249.9339667,0.866666667,-0.8102896,4.656708,0.891066,-0.069141156,787.8758667,0.03,5.4395,0.649514563,8.374715994,1.070324,0.647764563,0.647764563,-222.1226057,-15.61149552,14.5,3044.751829,33.45,4.25,7.27544554,3.145,2.1241704,40.247262,3.473866,4.842178392,2633.891829,0.038365404,4.893037,-24.41387742
2,D_2_4_AI,4,Phyllospadix,After,Removal,Day,After_Removal,-50.08160626,179.1737536,0.966666667,1.8326176,1.5633234,-0.032285,0.222655182,-130.4845332,1.4,2.486,0.255762679,9.719948239,0.940149,0.254412679,0.254412679,50.28633046,2.723055334,12.9,202.5884056,34.85,0.7,8.278807182,19.92,4.5891168,4.5292029,1.3785695,0.125720304,-208.2715944,0.039999794,-0.010473533,16.69229587
2,N_2_4_AI,4,Phyllospadix,After,Removal,Night,After_Removal,20.30219915,-59.38908413,1.116666667,-0.4846592,-0.9756912,-0.058113,-0.131690581,424.2032793,-0.94,2.486,0.255762679,9.719948239,0.940149,0.254412679,0.253912679,-19.92739315,-0.93230033,11,1293.541472,35.45,0.65,7.577113207,3.13,1.2949488,3.7808034,0.7651545,0.102735899,882.6814718,0.042356638,0.038410301,-4.663130132
2,D_2_4_BC,4,Phyllospadix,Before,Removal,Day,Before_Removal,-82.75430277,205.7784015,1.333333333,0.056796,0.3658842,-0.025828,0.151765219,-62.16407286,2.67,1.985,0.20528925,9.669283708,0.940149,0.20393925,0.20393925,82.39355857,3.247435011,15.75,116.2439858,35.1,0.15,8.453443453,14.595,0.41991176,4.0302699,0.800668,0.00623636,-294.6160142,0.036603207,-0.000672522,12.97421393
2,D_2_5_BC,5,Phyllospadix,Before,Removal,Day,Before_Removal,48.49178851,7.798531462,0.766666667,0.1098056,1.6963722,0.297022,0.037385374,-11.1713761,-1.1,1.985,0.20528925,9.669283708,0.940149,0.20353925,0.20353925,-49.48431111,-3.385277262,18,79.57626135,35.15,0.25,8.548018749,15.38,0.50321256,5.0613981,0.936265,0.018357025,-331.2837386,0.034259406,-0.002083446,4.454373287
2,N_2_4_BC,4,Phyllospadix,Before,Removal,Night,Before_Removal,43.56908779,-76.33165653,0.85,-0.11207744,0.0221748,0.006457,-0.115854214,302.0920353,-0.84,1.985,0.20528925,9.669283708,0.940149,0.20393925,0.20393925,-43.69042603,-2.701178589,15.35,991.5312269,33.1,5,7.680651268,3.87,0.1779608,5.876322,0.6618425,6.85633903,580.6712269,0.0374607,1.491414918,-8.228708553
20,D_20_4_AI,4,Phyllospadix,After,Control,Day,After_Control,19.10417122,20.66642101,1.083333333,-1.0299008,1.3194006,0.12914,0.092681904,-135.8295248,-2,4.6465,0.355851064,13.057429,1.006824,0.354501064,0.354501064,-21.19519262,-0.763506082,12.85,584.8826494,35.7,0.6,7.907004903,12.25,3.6046528,5.8375161,1.336599,0.092237502,174.0226494,0.039870237,0.006399737,2.246023046
20,N_20_4_AI,4,Phyllospadix,After,Control,Night,After_Control,-35.05472274,-17.43768149,2.566666667,-0.3937856,0.9535164,0.012914,-0.17171667,764.3011752,-1.89,4.6465,0.355851064,13.057429,1.006824,0.354501064,0.354501064,33.73324874,0.512892015,11.6,1927.046222,35.75,1,7.42160854,1.905,4.1574672,2.9825106,1.278486,0.247361881,1516.186222,0.041473113,0.155543533,-1.198692663
20,D_20_4_BC,4,Phyllospadix,Before,Control,Day,Before_Control,-62.01055476,84.96413485,1,0.17871808,0.5987196,0.426162,0.03882906,-17.42318456,1.76,4.6465,0.355851064,13.057429,1.006824,0.354501064,0.354421064,62.44287724,2.436251545,15.25,107.539661,34.7,3.55,8.458597602,16.43,0.73607616,7.151373,1.220373,3.447101893,-303.320339,0.037239691,-0.38936931,4.582985381
20,D_20_5_BC,5,Phyllospadix,Before,Control,Day,Before_Control,-36.89355525,14.58969821,0.966666667,0.2347568,0.2328354,-0.109769,-0.028478234,7.580010722,0.53,4.6465,0.355851064,13.057429,1.006824,0.354101064,0.354101064,36.67593865,1.478942953,15.6,102.6180741,34.75,2.85,8.463773014,17.575,0.9428136,7.5671505,1.3785695,2.242430892,-308.2419259,0.036839624,-0.254639613,-0.047655534
20,N_20_4_BC,4,Phyllospadix,Before,Control,Night,Before_Control,73.31826269,-79.43654177,1.016666667,0.20522288,-5.1223788,0.154968,-0.022982856,113.5907768,-0.74,4.6465,0.355851064,13.057429,1.006824,0.354501064,0.354501064,-67.68072501,-2.59790734,14.4,1249.803152,33.4,4.65,7.587461602,3.51,0.58802792,12.5176746,1.317228,5.780888112,838.9431519,0.038493888,1.866890607,-5.367285994
20,N_20_5_BC,5,Phyllospadix,Before,Control,Night,Before_Control,26.69598189,-47.11989276,0.8,-0.28246544,5.3441268,0.071027,-0.079377879,300.058881,0.17,4.6465,0.355851064,13.057429,1.006824,0.354101064,0.354101064,-32.18052013,-1.568014233,14.65,1456.627981,33.5,4.6,7.536281234,3.225,0.54940664,12.6285486,1.4302255,5.695551021,1045.767981,0.03817924,2.274041395,-5.297914565
21,D_21_4_AI,4,Phyllospadix,After,Removal,Day,After_Removal,-178.6603556,239.2816779,1.066666667,-0.0227184,0.831555,0.154968,0.128230809,-24.96391637,1.56,2.735,0.091445844,29.90841216,1.108424,0.090095844,0.090095844,178.1160182,2.81363217,17.6,43.2424489,34.9,0.6,8.671819879,22.38,1.0866968,5.6490303,1.136432,0.104672422,-367.6175511,0.034704133,-0.013353949,4.759408249
21,N_21_4_AI,4,Phyllospadix,After,Removal,Night,After_Removal,-7.043866964,8.15609993,1.716666667,-0.454368,-1.1752644,0.32285,-0.00312838,15.05049035,-0.73,2.735,0.091445844,29.90841216,1.108424,0.090095844,0.090095844,8.410463364,0.082551889,12.4,2189.330984,35.6,0.45,7.373133946,2.025,3.0594112,8.204676,1.168717,0.05123515,1778.470984,0.04046313,0.036870096,0.040688445
21,D_21_4_BC,4,Phyllospadix,Before,Removal,Day,Before_Removal,-50.05288525,32.04967802,1.033333333,1.7947536,3.8916774,0.813582,-0.035201515,9.884137522,0.32,2.1795,0.054515247,39.97964126,1.108424,0.053165247,0.053165247,49.58312545,0.598701101,16.8,122.2140077,34.45,3.15,8.409308714,11.5,2.6769848,7.7334615,1.155803,2.826571198,-288.6459923,0.035610772,-0.290540611,0.465819664
21,D_21_5_BC,5,Phyllospadix,Before,Removal,Day,Before_Removal,51.06820421,-106.7099927,0.866666667,-0.37864,2.0733438,-0.374506,-0.096926272,48.04351212,-0.68,2.1795,0.054515247,39.97964126,1.108424,0.052765247,0.052765247,-54.26920001,-0.775421901,17.45,151.1778325,34.25,2.75,8.34324482,11.32,3.3850416,10.7159721,1.375341,2.19047838,-259.6821675,0.034980174,-0.198977086,-2.075038459
21,N_21_4_BC,4,Phyllospadix,Before,Removal,Night,Before_Removal,42.62435364,-53.52658755,1.033333333,-0.07799984,0.9646038,0.348678,-0.034706583,172.3635324,-0.35,2.1795,0.054515247,39.97964126,1.108424,0.053165247,0.053165247,-42.96960128,-0.518844816,14.65,1653.00687,33.3,4.65,7.480759762,3.535,0.43430008,9.4076589,1.065405,5.820040262,1242.14687,0.038222067,2.763205044,-3.536994631
21,N_21_5_BC,5,Phyllospadix,Before,Removal,Night,Before_Removal,13.64820698,-26.9103959,0.866666667,2.78906224,4.9671552,-0.316393,-0.045407676,221.6237169,-0.56,2.1795,0.054515247,39.97964126,1.108424,0.052765247,0.052765247,-16.45908594,-0.235174569,14.6,1850.000494,33.35,4.6,7.440702632,3.08,1.78983128,12.3735384,1.0815475,5.687882212,1439.140494,0.038269742,3.132631603,-3.666471884
22,D_22_4_AI,4,Phyllospadix,After,Removal,Day,After_Removal,-104.5593221,226.1662445,1.083333333,-0.8178624,2.0955186,0.032285,0.174416508,-61.41682313,2.26,4.235,0.151046055,28.03780603,1.140174,0.149696055,0.149696055,101.7105111,1.697486425,17.55,98.92236306,35.15,0.7,8.456192518,21.13,1.6584432,4.7176887,1.1138325,0.142289987,-311.9376369,0.034706596,-0.015404731,5.867071799
22,N_22_4_AI,4,Phyllospadix,After,Removal,Night,After_Removal,-45.90592079,35.79655278,1.983333333,-0.7421344,-2.4835776,0.380963,-0.037863065,164.1393954,-0.65,4.235,0.151046055,28.03780603,1.140174,0.149696055,0.149696055,48.40928999,0.441301681,12.5,1689.622473,35.65,0.5,7.485952204,1.985,2.27184,5.8097976,1.4237685,0.063430825,1278.762473,0.040323862,0.032707878,0.178637027
22,D_22_4_BC,4,Phyllospadix,Before,Removal,Day,Before_Removal,45.62986131,-91.71869086,1.3,1.2419392,3.7031916,0.613415,-0.087760453,77.29495558,-0.46,4.032,0.098351335,40.9958846,1.140174,0.097001335,0.097001335,-46.86428371,-0.443610135,16.7,283.2998157,34.9,3.6,8.155142683,10.76,3.5819344,6.9407124,1.1202895,3.682326703,-127.5601843,0.035626713,-0.167345181,-1.125434855
22,D_22_5_BC,5,Phyllospadix,Before,Removal,Day,Before_Removal,51.60553539,-271.0999316,0.916666667,-0.265048,2.4059658,0.484275,-0.560417381,1085.669049,1.23,4.032,0.098351335,40.9958846,1.140174,0.096601335,0.096601335,-53.30799919,-0.712671167,16.75,864.7818178,34.75,2.75,7.831053766,11.145,4.07038,9.9952911,1.6691345,2.151511843,453.9218178,0.035603958,0.347714725,-6.88367819
22,N_22_4_BC,4,Phyllospadix,Before,Removal,Night,Before_Removal,-26.09896329,5.105085563,1.033333333,0.073759072,2.439228,0.116226,-0.068284564,295.2086157,0.43,4.032,0.098351335,40.9958846,1.140174,0.097001335,0.097001335,23.96594636,0.285401974,14.7,1660.267406,33.45,4.65,7.489197841,3.885,0.112304624,13.194006,1.962928,5.827879635,1249.407406,0.038131735,2.776522639,-2.940335298
22,N_22_5_BC,5,Phyllospadix,Before,Removal,Night,Before_Removal,57.8519964,-70.51637897,1.133333333,-0.00908736,-1.219614,0.626329,-0.041965788,240.2841461,-0.38,4.032,0.098351335,40.9958846,1.140174,0.096601335,0.096601335,-55.38881176,-0.598925261,14.7,1928.013787,33.45,4.15,7.434072665,3.91,0.14464048,13.803813,2.3342055,4.641954308,1517.153787,0.038131735,2.685449786,-3.611527116
23,D_23_4_AI,4,Mytilus,After,Removal,Day,After_Removal,-90.67938234,147.8854417,1.1,-2.08252,3.1266468,0.264737,0.123872799,-146.1382584,1.91,2.194,0.087360406,25.11435204,1.044463001,0.086010406,0.086010406,85.99968954,1.567704528,15.6,392.3173418,35.35,0.7,7.998938075,14.345,9.030564,7.3509462,1.1525745,0.135277456,-18.54265822,0.036716652,-0.000921002,3.824879578
23,N_23_4_AI,4,Mytilus,After,Removal,Night,After_Removal,-47.61785531,16.12127618,1.7,-5.717464,10.754778,2.718397,-0.118365806,425.8910754,-1.5,2.194,0.087360406,25.11435204,1.044463001,0.086010406,0.086010406,36.58240731,0.431502557,12,1615.890917,35.65,0.35,7.476481602,3.06,9.447068,12.362451,2.8507655,0.030647115,1205.030917,0.040969068,0.015130172,-0.066320311
23,D_23_4_BC,4,Mytilus,Before,Removal,Day,Before_Removal,-48.88725411,37.66681595,1.05,1.51456,3.9803766,0.284108,-0.042969012,48.42821805,-0.69,1.59,0.065628848,24.22715072,1.044463001,0.064278848,0.064278848,46.98965351,0.925400105,17.35,774.3524429,34.4,3.15,7.684989716,8.445,5.831056,12.7560537,1.065405,2.86673669,363.4924429,0.035052943,0.365264681,0.192933106
23,D_23_5_BC,5,Mytilus,Before,Removal,Day,Before_Removal,-149.1897353,104.0085523,1.316666667,2.801936,3.88059,0.25828,-0.153222169,301.6666312,0.17,1.59,0.065628848,24.22715072,1.044463001,0.063878848,0.063878848,148.6276413,2.319686719,17.45,949.3998676,33.35,2.6,7.586894125,8.185,7.989304,16.686537,1.336599,1.958034228,538.5398676,0.035153952,0.370691212,0.556222167
23,N_23_4_BC,4,Mytilus,Before,Removal,Night,Before_Removal,125.9685071,-135.7670802,1.05,-0.321844,-6.763314,0,-0.02252856,255.962406,0.17,1.59,0.065628848,24.22715072,1.044463001,0.064278848,0.064278848,-119.5270371,-2.353929523,14.6,2202.485761,33.3,4.95,7.335293159,2.535,1.296842,23.228103,0.910437,6.586357934,1791.625761,0.038280473,4.517206302,-7.510788874
23,N_23_5_BC,5,Mytilus,Before,Removal,Night,Before_Removal,-70.85950402,67.86361895,0.866666667,0.2877664,11.309148,0.523017,-0.018150554,17.70766147,0.06,1.59,0.065628848,24.22715072,1.044463001,0.063878848,0.063878848,60.88415642,1.443636291,14.6,2339.320794,33.3,4.7,7.314953602,2.65,1.2798032,25.50102,1.1719455,5.937869473,1928.460794,0.038280473,4.383477272,-2.608858145
24,D_24_4_AI,4,Mytilus,After,Removal,Day,After_Removal,-10.12651409,104.4520279,1.1,3.1654304,1.6187604,0.167882,0.16444205,-128.7491369,2.64,1.302,0.073466619,17.72233446,1.412763001,0.072116619,0.072116619,12.00894809,0.309301692,14.1,272.4554053,35.15,0.7,8.153000005,16.44,1.5827152,5.7876228,1.046034,0.129941669,-138.4045947,0.038469956,-0.006918638,5.078136329
24,N_24_4_AI,4,Mytilus,After,Removal,Night,After_Removal,-30.33443025,2.199330301,1.7,-0.7118432,-0.0443496,-0.142054,-0.102050965,308.3282387,-1.16,1.302,0.073466619,17.72233446,1.412763001,0.072116619,0.072116619,29.38282865,0.489682625,11.95,1448.131037,35.75,0.1,7.517240991,3.7,3.3774688,6.3530802,1.136432,0.002498274,1037.271037,0.041011105,0.001062757,-0.417439041
24,D_24_4_BC,4,Mytilus,Before,Removal,Day,Before_Removal,-98.8643346,90.82764314,1.05,1.1662112,4.656708,0.813582,-0.023064011,27.81873294,-0.31,0.98,0.065976131,14.85385686,1.412763001,0.064626131,0.064626131,97.0010018,3.116123321,16.05,817.8568888,34.65,3.5,7.693187563,9.075,2.5065968,16.852848,1.472196,3.422219218,406.9968888,0.03636827,0.506549115,2.212940222
24,D_24_4_BC,4,Mytilus,Before,Removal,Day,Before_Removal,-98.8643346,90.82764314,1.05,1.1662112,4.656708,0.813582,-0.023064011,27.81873294,-0.31,0.98,0.065976131,14.85385686,1.412763001,0.064626131,0.064626131,97.0010018,3.116123321,16.05,817.8568888,34.65,3.5,7.693187563,9.075,2.5065968,16.852848,1.472196,3.422219218,406.9968888,0.03636827,0.506549115,2.212940222
24,D_24_5_BC,5,Mytilus,Before,Removal,Day,Before_Removal,-84.12303116,62.22557383,1.35,1.6432976,15.411486,0.426162,-0.066062281,121.4965658,-0.65,0.98,0.065976131,14.85385686,1.412763001,0.064226131,0.064226131,71.20716676,1.768158764,16.4,892.5145382,33.8,2.9,7.648624417,8.595,3.9113512,26.886945,2.092068,2.371019329,481.6545382,0.036162908,0.412984826,0.909126637
24,D_24_5_BC,5,Mytilus,Before,Removal,Day,Before_Removal,-84.12303116,62.22557383,1.35,1.6432976,15.411486,0.426162,-0.066062281,121.4965658,-0.65,0.98,0.065976131,14.85385686,1.412763001,0.064226131,0.064226131,71.20716676,1.768158764,16.4,892.5145382,33.8,2.9,7.648624417,8.595,3.9113512,26.886945,2.092068,2.371019329,481.6545382,0.036162908,0.412984826,0.909126637
24,N_24_4_BC,4,Mytilus,Before,Removal,Night,Before_Removal,-65.07642599,63.58286907,1.05,1.5675696,-8.537298,0.032285,-0.010536324,23.92560024,0.89,0.98,0.065976131,14.85385686,1.412763001,0.064626131,0.064626131,75.24586359,2.417247101,14.55,2186.044962,33.35,4.95,7.329299724,3.055,1.5865016,24.669465,1.1977735,6.577481103,1775.184962,0.038328269,4.475302776,-2.807394931
24,N_24_4_BC,4,Mytilus,Before,Removal,Night,Before_Removal,-65.07642599,63.58286907,1.05,1.5675696,-8.537298,0.032285,-0.010536324,23.92560024,0.89,0.98,0.065976131,14.85385686,1.412763001,0.064626131,0.064626131,75.24586359,2.417247101,14.55,2186.044962,33.35,4.95,7.329299724,3.055,1.5865016,24.669465,1.1977735,6.577481103,1775.184962,0.038328269,4.475302776,-2.807394931
24,N_24_5_BC,5,Mytilus,Before,Removal,Night,Before_Removal,43.32267254,-45.53474366,0.866666667,-1.83716128,4.98933,-0.245366,-0.003678262,31.43823313,0.18,0.98,0.065976131,14.85385686,1.412763001,0.064226131,0.064226131,-50.63989582,-1.958718524,14.6,2213.726879,33.3,4.7,7.322192431,3.59,1.45170576,22.895481,1.091233,5.937869473,1802.866879,0.038280473,4.097996708,-5.661787244
24,N_24_5_BC,5,Mytilus,Before,Removal,Night,Before_Removal,43.32267254,-45.53474366,0.866666667,-1.83716128,4.98933,-0.245366,-0.003678262,31.43823313,0.18,0.98,0.065976131,14.85385686,1.412763001,0.064226131,0.064226131,-50.63989582,-1.958718524,14.6,2213.726879,33.3,4.7,7.322192431,3.59,1.45170576,22.895481,1.091233,5.937869473,1802.866879,0.038280473,4.097996708,-5.661787244
25,D_25_4_AI,4,Mytilus,After,Control,Day,After_Control,42.21838545,-45.59373624,1.1,1.590288,3.104472,0.749012,-0.025237997,105.298917,-0.5,1.143,0.097645004,11.70566802,1.029049,0.096295004,0.096295004,-42.23454545,-1.654543929,12.7,1595.691373,35.55,0.25,7.483746618,5.25,13.971816,32.375208,4.403674,0.015946633,1184.831373,0.040092904,0.007575182,-1.925312601
25,N_25_4_AI,4,Mytilus,After,Control,Night,After_Control,-29.05673849,30.91958634,1.583333333,-1.51456,0.776118,0.975007,-0.001727578,22.62558809,-0.41,1.143,0.097645004,11.70566802,1.029049,0.096295004,0.096295004,28.71607449,0.781548402,11.8,2237.608138,35.75,0.1,7.342337937,1.435,7.799984,17.795277,3.5868635,0.002487694,1826.748138,0.041208132,0.001872658,0.899619099
25,D_25_4_BC,4,Mytilus,Before,Control,Day,Before_Control,44.62466713,-39.7483265,1.05,0.6739792,4.656708,0.548845,0.013810929,10.20320974,3.19,1.143,0.097645004,11.70566802,1.029049,0.096295004,0.096295004,-47.50970593,-1.949827567,14.7,1611.121774,34.9,3.2,7.454892427,7.035,7.3872664,23.394414,2.7474535,2.759971671,1200.261774,0.037823146,1.252963014,-2.565727006
25,D_25_5_BC,5,Mytilus,Before,Control,Day,Before_Control,-93.09874463,82.80301481,1.35,-1.4085408,0.110874,0.342221,-0.0402915,96.35738078,-3.25,1.143,0.097645004,11.70566802,1.029049,0.095895004,0.095895004,92.26377183,2.932870084,14.95,1664.402069,34.75,2.6,7.441652141,7.005,7.0199856,25.778205,3.1929865,1.834280466,1253.542069,0.037568519,0.863830881,1.467564308
25,N_25_4_BC,4,Mytilus,Before,Control,Night,Before_Control,76.55024816,-114.8476276,1.05,-0.3483488,2.383791,1.556137,-0.124875666,646.0547046,1,1.143,0.097645004,11.70566802,1.029049,0.096295004,0.096295004,-76.17011396,-3.12606835,14.4,1957.714647,33.4,4.95,7.419067581,3,2.0673744,43.9892595,4.2777625,6.550871128,1546.854647,0.038493888,3.900680107,-10.20144638
25,N_25_5_BC,5,Mytilus,Before,Control,Night,Before_Control,-22.00059928,54.23225163,0.85,0.075728,-4.43496,0.755469,0.101716734,-481.8277906,0.42,1.143,0.097645004,11.70566802,1.029049,0.095895004,0.095895004,28.02222528,1.414747984,14.3,2039.828104,33.45,4.7,7.407488115,3.71,1.931064,42.963675,5.4335655,5.889899064,1628.968104,0.03860133,3.703588325,0.357671958
26,D_26_4_AI,4,Phyllospadix,After,Removal,Day,After_Removal,-142.0720925,286.3262851,1.033333333,-0.5528144,2.051169,0.12914,0.227672724,-95.00216469,6.68,1.703,0.091445844,18.62304421,0.819038001,0.090095844,0.090095844,139.7263891,3.659095514,15,126.1170012,35.1,0.15,8.414423413,26.52,3.9264968,5.5048941,1.168717,0.006113399,-284.7429988,0.037438276,-0.000651706,11.33793922
26,N_26_4_AI,4,Phyllospadix,After,Removal,Night,After_Removal,28.03927996,-49.18875405,1.15,-0.9541728,0.055437,0.206624,-0.064317871,351.0180719,-0.76,1.703,0.091445844,18.62304421,0.819038001,0.090095844,0.090095844,-28.63564176,-0.673821446,11.65,2176.514378,35.7,0.4,7.363111333,1.83,4.278632,6.1590507,1.446368,0.039634147,1765.654378,0.041418433,0.028984705,-1.670071209
26,D_26_4_BC,4,Phyllospadix,Before,Removal,Day,Before_Removal,31.81539476,-33.5927503,1.033333333,0.0833008,-5.6989236,-0.006457,0.001108898,8.155068256,-7.45,1.203,0.065142684,18.46715443,0.819038001,0.063792684,0.063792684,-26.04608436,-0.683680019,15.25,230.1790934,35.15,2.9,8.223988352,8.975,2.2226168,10.5662922,0.7522405,2.300347306,-180.6809066,0.037146217,-0.154390389,-0.925472384
26,D_26_5_BC,5,Phyllospadix,Before,Removal,Day,Before_Removal,7.60198388,-24.91643113,0.866666667,-0.56796,-3.32622,0.206624,-0.004279532,6.651621934,4.56,1.203,0.065142684,18.46715443,0.819038001,0.063392684,0.063392684,-4.43047588,-0.137789915,14.6,237.5824385,34.65,2.7,8.222403035,7.53,1.9802872,6.0537204,0.852324,1.959577567,-173.2775615,0.03799179,-0.129001434,-1.283034457
26,N_26_4_BC,4,Phyllospadix,Before,Removal,Night,Before_Removal,126.5887448,-140.1344979,1.066666667,0.3104848,4.102338,0.432619,-0.04649068,271.7152175,0.07,1.203,0.065142684,18.46715443,0.819038001,0.063792684,0.063792684,-129.51536,-3.293392081,14.5,1604.509268,33.25,4.85,7.501569194,2.525,2.0332968,17.240907,1.3721125,6.305890171,1193.649268,0.03840848,2.891014422,-6.724465767
26,N_26_5_BC,5,Phyllospadix,Before,Removal,Night,Before_Removal,-1.594248741,-20.52848902,0.55,-0.37864,-2.550102,0.38742,-0.072088616,362.4952115,1.27,1.203,0.065142684,18.46715443,0.819038001,0.063392684,0.063392684,4.540550741,0.22251792,14.6,1921.614483,33.2,4.4,7.442279546,3.195,1.9992192,18.017025,1.782132,5.204035899,1510.754483,0.038301944,3.011306737,-5.245896296
27,D_27_4_AI,4,Phyllospadix,After,Control,Day,After_Control,53.59149542,-27.49829294,1.05,1.5221328,3.0046854,0.471361,0.064518881,-160.5408417,1.93,1.164,0.163571381,7.116159254,0.841263001,0.162221381,0.162221381,-54.13132602,-3.675023496,12.15,1029.859859,35.95,0.35,7.671960073,11.055,4.7670776,8.0660835,1.4237685,0.030777041,618.9998594,0.040704322,0.007754574,-0.066497829
27,N_27_4_AI,4,Phyllospadix,After,Control,Night,After_Control,-59.32952622,32.32946991,1.133333333,-2.2869856,-1.773984,-0.380963,-0.081885232,395.9614237,-0.47,1.164,0.163571381,7.116159254,0.841263001,0.162221381,0.162221381,58.05459862,3.651570734,11.55,2615.651673,35.7,0.45,7.289726088,1.025,2.7034896,8.481861,1.6949625,0.050019641,2204.791673,0.041551623,0.04582433,0.369581505
27,D_27_4_BC,4,Phyllospadix,Before,Control,Day,Before_Control,14.68517768,-56.46139771,1.05,0.8632992,3.4703562,0.594044,-0.099325389,126.8905898,-2.45,1.164,0.163571381,7.116159254,0.841263001,0.162221381,0.162221381,-16.10414668,-1.093324731,14.1,474.1416011,35.05,2.9,7.977634232,10.295,1.9386368,6.5360223,1.588422,2.230223347,63.28160111,0.038491598,0.054324002,-6.627427511
27,D_27_5_BC,5,Phyllospadix,Before,Control,Day,Before_Control,-130.4780063,260.9502897,0.85,-1.3403856,-0.5987196,-0.632786,0.296148787,-307.401821,-0.36,1.164,0.163571381,7.116159254,0.841263001,0.161821381,0.161821381,128.4707683,10.74766096,14.4,383.8859855,34.45,2.7,8.076045931,8.89,1.7000936,7.9718406,1.569051,1.949019509,-26.97401447,0.038267641,-0.020118401,32.93383313
27,N_27_4_BC,4,Phyllospadix,Before,Control,Night,Before_Control,103.386658,-124.4032845,1.066666667,-0.12570848,3.437094,0.781297,-0.069001552,377.4442221,0.57,1.164,0.163571381,7.116159254,0.841263001,0.162221381,0.162221381,-105.3868665,-7.043013507,14.55,1656.348436,33.3,4.85,7.487225075,3.175,0.74743536,17.573529,1.4173115,6.314408703,1245.488436,0.038339019,3.015181012,-12.59993228
27,N_27_5_BC,5,Phyllospadix,Before,Control,Night,Before_Control,-27.95191564,3.339913892,0.616666667,-0.17568896,-1.995732,0.019371,-0.081619783,369.9904042,-0.43,1.164,0.163571381,7.116159254,0.841263001,0.161821381,0.161821381,29.81070068,3.437559884,14.45,2030.065749,33.35,4.4,7.411914408,3.245,0.59673664,18.29421,1.8176455,5.183002602,1619.205749,0.038445745,3.226500522,-5.893789748
28,D_28_4_AI,4,Phyllospadix,After,Removal,Day,After_Removal,-80.13449593,160.5257176,1.05,0.4770864,4.2464742,0.5817757,0.117910842,-31.98767137,2.53,2.406,0.211229638,11.39044702,0.765063001,0.209879638,0.209879638,77.52865953,3.294528716,14.1,74.72904278,35.35,0.35,8.578705429,25.465,1.1775704,4.0302699,0.90365715,0.032485417,-336.1309572,0.038426707,-0.004195948,10.352534
28,N_28_4_AI,4,Phyllospadix,After,Removal,Night,After_Removal,-21.54517273,7.077399554,1.15,0.265048,1.5300612,0.109769,-0.045857262,215.9124667,-0.59,2.406,0.211229638,11.39044702,0.765063001,0.209879638,0.209879638,20.49969753,0.795371333,11.65,2377.675945,35.7,0.4,7.327093537,1.325,2.3059176,2.716413,0.8878375,0.039634147,1966.815945,0.041418433,0.032286942,-0.27846376
28,D_28_4_BC,4,Phyllospadix,Before,Removal,Day,Before_Removal,-48.23491474,56.0267481,1.033333333,-0.1590288,0.942429,0.0613415,0.026377096,-10.70968619,-2.38,2.337,0.183407352,12.74212823,0.765063001,0.182057352,0.181957352,47.25613994,1.82127002,15.5,120.8304401,34.95,3.2,8.42976967,11.02,0.9579592,2.8328307,0.63440025,2.819552625,-290.0295599,0.03690911,-0.301825576,2.799140899
28,D_28_5_BC,5,Phyllospadix,Before,Removal,Day,Before_Removal,78.92730111,-124.7011376,0.85,-0.0681552,-0.9867786,0.019371,-0.064812671,31.75211239,2.4,2.337,0.183407352,12.74212823,0.765063001,0.181657352,0.181657352,-77.96993571,-3.647104066,15.15,131.3516532,34.5,3,8.410551883,11.03,0.8443672,2.8106559,0.6747565,2.455176753,-279.5083468,0.037394035,-0.256613718,-7.762266594
28,N_28_4_BC,4,Phyllospadix,Before,Removal,Night,Before_Removal,132.1288561,-153.5942138,1.083333333,-0.1400968,9.3245034,-0.077484,-0.066234204,351.0274437,-0.98,2.337,0.183407352,12.74212823,0.765063001,0.182057352,0.182057352,-141.7484243,-5.213762948,14.55,1721.93065,33.35,5.3,7.481917319,2.35,0.56303768,10.5274863,0.929808,7.540513996,1311.07065,0.038328269,3.789188836,-9.874370829
28,N_28_5_BC,5,Phyllospadix,Before,Removal,Night,Before_Removal,74.76321062,-61.0927877,0.7,0.26353344,-2.993598,0.135597,0.045304303,-119.1487112,1.12,2.337,0.183407352,12.74212823,0.765063001,0.181657352,0.181657352,-71.23488518,-4.046081195,14.5,1837.870016,33.35,4.4,7.471452369,2.42,0.624756,13.692939,0.9588645,5.190010999,1427.010016,0.038386936,2.843012368,-5.736968456
29,D_29_4_AI,4,Phyllospadix,After,Control,Day,After_Control,-57.66524322,220.7913663,1.066666667,0.3899992,2.3616162,0.1259115,0.255592153,-154.5867186,4.05,0.75,0.045667184,16.4231716,0.838342001,0.044317184,0.044317184,55.94544922,1.585231062,13.85,214.0644846,36.3,0.4,8.275742572,17.115,1.8004332,4.6400769,0.95725025,0.04214151,-196.7955154,0.038517244,-0.003194335,10.93034227
29,N_29_4_AI,4,Phyllospadix,After,Control,Night,After_Control,-44.30699956,25.65590534,1.133333333,-0.7534936,4.8562812,-0.832953,-0.055979776,309.1827844,0.01,0.75,0.045667184,16.4231716,0.838342001,0.044317184,0.044317184,37.03131876,0.987570362,11.85,2672.469265,35.75,0.4,7.287210438,0.835,3.1370324,5.4439134,2.9734485,0.039859497,2261.609265,0.041142295,0.037088383,0.343751162
29,D_29_4_BC,4,Phyllospadix,Before,Control,Day,Before_Control,-83.20069688,53.38755901,1.033333333,-0.5982512,1.2805947,0.1775675,-0.017816135,0.765042998,-0.58,0.75,0.045667184,16.4231716,0.838342001,0.044317184,0.044317184,81.67698598,2.388998053,16.8,28.81870709,35,3.2,8.816421887,15.68,0.8973768,6.01214265,0.74094075,2.917015779,-382.0412929,0.035502627,-0.39564855,1.129752384
29,D_29_5_BC,5,Phyllospadix,Before,Control,Day,Before_Control,237.3023797,-444.3113011,0.85,0.3369896,-1.4912553,0.658614,-0.353989485,83.14595592,-0.32,0.75,0.045667184,16.4231716,0.838342001,0.043917184,0.043917184,-234.1569068,-8.251006076,17.4,70.77420655,34.3,3,8.630519078,15.23,0.766746,5.90681235,1.1590315,2.603532041,-340.0857935,0.035021344,-0.310087477,-22.75137376
29,N_29_4_BC,4,Phyllospadix,Before,Control,Night,Before_Control,91.29152871,-109.6681359,1.1,-0.63876568,-9.2136294,0.2292235,-0.063681648,280.8814882,0.26,0.75,0.045667184,16.4231716,0.838342001,0.044317184,0.044317184,-82.25821799,-2.260180603,14.6,1557.480406,33.3,5.3,7.507732806,3.44,0.46440196,9.4741833,1.12190375,7.550690516,1146.620406,0.038280473,3.314237561,-7.08068383
29,N_29_5_BC,5,Phyllospadix,Before,Control,Night,Before_Control,121.8936378,-124.3129706,0.733333333,0.59332888,5.6656614,0.6618425,-0.00655346,121.5440118,-1.06,0.75,0.045667184,16.4231716,0.838342001,0.043917184,0.043917184,-125.6422853,-5.131605494,14.6,1758.693156,33.3,4.4,7.472615252,3.04,0.44168356,7.7001993,1.56743675,5.204035899,1347.833156,0.038280473,2.685058287,-7.708077429
3,D_3_4_AI,4,Phyllospadix,After,Removal,Day,After_Removal,-28.45345,120.9781856,0.95,-0.5225232,0.4767582,0.361592,0.153766779,-92.01627802,2.92,6.152,0.777906977,7.908400598,0.930624,0.776556977,0.776556977,28.1773526,1.915046036,13,203.3613363,34.85,0.6,8.271370901,19.79,3.2449448,2.5778205,1.375341,0.092623012,-207.4986637,0.039874432,-0.007663527,14.53694412
3,N_3_4_AI,4,Phyllospadix,After,Removal,Night,After_Removal,27.01144713,-113.1377685,1.116666667,0.1211648,0.886992,0.006457,-0.286936047,960.5897315,-0.8,6.152,0.777906977,7.908400598,0.930624,0.776556977,0.776556977,-27.76436033,-1.605339002,11,1417.331581,35.45,0.65,7.564069712,3.86,1.7493168,3.5257932,1.0492625,0.102735899,1006.471581,0.042356638,0.043797086,-11.52173968
3,D_3_4_BC,4,Phyllospadix,Before,Removal,Day,Before_Removal,-28.10980062,125.2912024,1.1,0.01438832,-0.0221748,0.180796,0.132002028,-67.5899762,1.74,5.31,0.649514563,8.175336323,0.930624,0.648164563,0.648164563,28.50795574,1.618116517,15.2,162.8721614,35.05,0.15,8.353486498,12.45,0.46989224,4.213212,0.884609,0.006146129,-247.9878386,0.037223055,-0.000567341,12.60555163
3,D_3_5_BC,5,Phyllospadix,Before,Removal,Day,Before_Removal,-19.62975311,61.27400906,0.933333333,-0.14994144,3.8473278,-0.187253,0.043381726,-18.40252213,0.92,5.31,0.649514563,8.175336323,0.930624,0.647764563,0.647764563,15.25797787,1.02006655,16.6,119.8759122,35.2,0.25,8.441178375,13.78,0.40211568,6.1257885,0.8813805,0.017712242,-290.9840878,0.035672348,-0.001838546,7.17467509
3,N_3_4_BC,4,Phyllospadix,Before,Removal,Night,Before_Removal,44.95045743,-79.35621186,0.85,0.2574752,-0.0221748,0.103312,-0.123678954,331.4667865,-0.56,5.31,0.649514563,8.175336323,0.930624,0.648164563,0.648164563,-44.46418343,-3.26608735,15.4,1024.821104,33.1,5.1,7.669228874,4.24,0.29685376,5.7876228,0.749012,7.142811593,613.9611043,0.037404277,1.640330353,-10.0323597
30,D_30_4_AI,4,Mytilus,After,Control,Day,After_Control,-39.07782459,29.11238625,1.083333333,5.073776,-44.3496,-0.32285,-0.044847905,131.5523012,1.54,1.585,0.164284686,9.647886498,1.209563001,0.162934686,0.162934686,87.85550059,4.264192184,13.9,1334.276804,35.35,0.25,7.58096791,10.54,31.2378,274.96752,8.103535,0.016484041,923.4168042,0.038664176,0.005885322,-1.444055025
30,N_30_4_AI,4,Mytilus,After,Control,Night,After_Control,-85.32613689,73.20659831,1.283333333,-14.00968,-4.324086,-1.74339,-0.036138655,134.8877183,-0.22,1.585,0.164284686,9.647886498,1.209563001,0.162934686,0.162934686,72.15376289,2.956306298,11.45,2607.494413,35.65,0.35,7.335588008,0.98,27.4514,41.633187,8.297245,0.03017281,2196.634413,0.041697377,0.027636451,3.014944044
30,D_30_4_BC,4,Mytilus,Before,Control,Day,Before_Control,46.26783124,-76.48414383,1.033333333,1.211648,-2.21748,0.297022,-0.114916369,305.7209016,-1.78,1.585,0.164284686,9.647886498,1.209563001,0.162934686,0.162934686,-42.24465924,-2.149618003,15.65,1063.240053,34.6,3.1,7.618167323,8.35,11.510656,23.948784,2.744225,2.656601538,652.3800531,0.036815237,0.638049976,-6.272217923
30,D_30_5_BC,5,Mytilus,Before,Control,Day,Before_Control,-88.02102898,75.31053653,0.983333333,1.287376,7.095936,0.619872,-0.037383234,69.73638662,-1.17,1.585,0.164284686,9.647886498,1.209563001,0.162534686,0.162534686,83.45221298,4.451429745,15.7,1250.968697,34.2,2.95,7.542017522,6.875,12.760168,26.388012,3.202672,2.408907766,840.1086972,0.036842155,0.745591042,2.837267351
30,N_30_4_BC,4,Mytilus,Before,Control,Night,Before_Control,47.12055849,-20.80206158,1.1,-17.22812,-6.319818,0.684442,0.084875564,-284.0183085,0.48,1.585,0.164284686,9.647886498,1.209563001,0.162934686,0.162934686,-56.65997649,-2.708405102,14.6,1929.205149,33.3,5.3,7.452305161,3.46,10.31794,35.867739,3.222043,7.550690516,1518.345149,0.038280473,4.388685651,-3.66900039
30,N_30_5_BC,5,Mytilus,Before,Control,Night,Before_Control,-21.76813488,-13.44511316,0.916666667,14.880552,11.309148,-0.180796,-0.109476969,516.2557847,-0.1,1.585,0.164284686,9.647886498,1.209563001,0.162534686,0.162534686,24.97794688,1.429248436,14.55,2045.323887,33.35,4.45,7.440004459,3.65,9.144156,38.362404,3.473866,5.315807348,1634.463887,0.038328269,3.330149772,-6.298068063
31,D_31_4_AI,4,Mytilus,After,Control,Day,After_Control,-82.46677018,81.62920955,1.083333333,-0.530096,-0.110874,0.490732,-0.023718975,66.50339634,-0.36,3.329,0.175943755,18.92081931,1.146063001,0.174593755,0.174593755,83.02901218,2.056024633,14.8,1542.621235,35.05,0.2,7.483674576,12.74,15.107736,21.454119,3.35764,0.01081016,1131.761235,0.037676612,0.004609553,1.982089224
31,N_31_4_AI,4,Mytilus,After,Control,Night,After_Control,70.0273638,-70.80427434,1.283333333,6.739792,30.379476,5.255998,-0.018817403,142.5889123,0.13,3.329,0.175943755,18.92081931,1.146063001,0.174593755,0.174593755,-83.1550518,-1.738239891,11.65,1928.47816,35.6,0.35,7.399067985,1.015,11.018424,27.496752,5.766101,0.030344894,1517.61816,0.041442065,0.019084884,-1.240973366
31,D_31_4_BC,4,Mytilus,Before,Control,Day,Before_Control,-52.48756449,43.60064677,1.033333333,-0.9163088,-3.658842,-0.277651,-0.02580889,98.77271753,-0.97,3.329,0.175943755,18.92081931,1.146063001,0.174593755,0.174593755,54.67479569,1.419408097,16.35,1634.715709,34.45,3.1,7.459579064,7.185,7.3418296,21.564993,2.4116895,2.70581092,1223.855709,0.036086136,1.195000392,-0.350582524
31,D_31_5_BC,5,Mytilus,Before,Control,Day,Before_Control,-53.65554736,52.75601805,0.933333333,1.9007728,5.987196,0.658614,-0.002597624,-55.68690593,1.33,3.329,0.175943755,18.92081931,1.146063001,0.174193755,0.174193755,50.88635216,1.45924753,16.4,1656.258615,33.85,2.95,7.445375807,7.365,7.8340616,22.72917,2.602171,2.453483437,1245.398615,0.036152884,1.104674831,0.461804018
31,N_31_4_BC,4,Mytilus,Before,Control,Night,Before_Control,16.49497253,-27.22945504,1.1,13.3205552,19.624698,0.600501,-0.037266844,206.7029077,0.42,3.329,0.175943755,18.92081931,1.146063001,0.174593755,0.174593755,-21.59811333,-0.526724694,14.7,1775.964144,33.3,5.55,7.435728834,2.59,7.8037704,29.104425,2.6570555,8.302151114,1365.104144,0.038163802,4.325218471,-5.126612224
31,N_31_5_BC,5,Mytilus,Before,Control,Night,Before_Control,99.25143208,-87.78426605,1.05,-12.6390032,38.473278,7.373894,0.016571656,-35.48617041,0,3.329,0.175943755,18.92081931,1.146063001,0.174193755,0.174193755,-135.6159253,-3.456892041,14.7,1861.572512,33.35,4.7,7.425381239,2.8,8.1445464,58.153413,6.644253,5.953884201,1450.712512,0.03815311,3.29542691,-4.313831262
32,D_32_4_AI,4,Mytilus,After,Removal,Day,After_Removal,-80.61638401,138.3545431,1.1,-0.605824,0.7982928,0.109769,0.102398069,-67.85377167,2.03,4.31,0.518665986,8.309779549,1.120663001,0.517315986,0.517315986,79.43180521,4.433288703,12.6,206.4821074,35.3,0.2,8.253610051,20.995,7.421344,4.7564946,1.7207905,0.010177373,-204.3778926,0.04027661,-0.000837766,11.01137868
32,N_32_4_AI,4,Mytilus,After,Removal,Night,After_Removal,-62.98426772,37.35881206,1.266666667,0.151456,1.1309148,-0.025828,-0.087799157,255.4437597,0.32,4.31,0.518665986,8.309779549,1.120663001,0.517315986,0.517315986,61.95315292,3.002792608,11.5,1384.636123,35.1,0.35,7.530811655,4.01,8.027168,6.0758952,1.659449,0.030215788,973.7761228,0.04176126,0.012287588,0.606390526
32,D_32_4_BC,4,Mytilus,Before,Removal,Day,Before_Removal,-51.2706822,42.52934341,0.983333333,0.6664064,1.884858,0.077484,-0.027650438,69.11274459,-0.48,3.203,0.281149722,11.39250636,1.120663001,0.279799722,0.279799722,50.2071986,2.281398791,14.8,1060.380774,34.75,3.1,7.622823404,7.91,5.6796,17.462655,2.092068,2.597140936,649.5207744,0.037739967,0.63663437,0.947005931
32,D_32_5_BC,5,Mytilus,Before,Removal,Day,Before_Removal,-76.48531145,57.36289205,0.95,2.2415488,1.66311,0.329307,-0.070660718,134.8144774,-1.05,3.203,0.281149722,11.39250636,1.120663001,0.279399722,0.279399722,77.72236425,3.650371518,15,1162.344385,34.6,2.95,7.573667826,7.145,7.1335776,19.236639,2.2954635,2.36452679,751.4843854,0.037543129,0.667105726,1.070826865
32,N_32_4_BC,4,Mytilus,Before,Removal,Night,Before_Removal,81.41779613,-76.0495712,1.116666667,-0.2347568,3.104472,0.561759,0.019315019,-38.89844383,0.85,3.203,0.281149722,11.39250636,1.120663001,0.279799722,0.279799722,-83.63350693,-3.346514678,14.7,1612.747188,33.3,5.55,7.45540917,3.035,1.04126,22.72917,1.8822155,8.302151114,1201.887188,0.038163802,3.808079178,-6.547666008
32,N_32_5_BC,5,Mytilus,Before,Removal,Night,Before_Removal,63.20510677,-78.66980811,1.033333333,-0.3332032,6.430692,1.472196,-0.056209465,283.3325342,-0.41,3.203,0.281149722,11.39250636,1.120663001,0.279399722,0.279399722,-67.02460997,-2.894066631,14.65,1734.964233,33.35,4.7,7.436961947,3.255,0.75728,27.496752,2.899193,5.945875333,1324.104233,0.038211356,3.008364283,-6.908090756
4,D_4_4_AI,4,Phyllospadix,After,Control,Day,After_Control,-51.71218659,129.8699118,2.016666667,-1.6887344,1.3637502,-0.071027,0.19042242,-315.5716133,3.07,1.229,0.099479109,12.35435276,0.940149,0.098129109,0.098129109,48.51764799,0.98255581,13.05,640.1819469,35,1.15,7.858774948,12.385,2.5482472,4.0191825,0.7716115,0.340733487,229.3219469,0.039778199,0.031081757,4.246487015
4,N_4_4_AI,4,Phyllospadix,After,Control,Night,After_Control,79.51048591,-109.308136,1.1,0.0681552,1.9070328,0.606958,-0.094406643,449.8065093,-0.88,1.229,0.099479109,12.35435276,0.940149,0.098129109,0.098114109,-80.13544751,-2.97479607,11,1750.182871,35.5,0.5,7.46064223,1.36,1.1624248,6.2311188,1.039577,0.060790473,1339.322871,0.042344517,0.034476089,-5.175175058
4,D_4_4_BC,4,Phyllospadix,Before,Control,Day,Before_Control,-40.65800101,103.7447489,1.1,0.18326176,-0.0332622,-0.1388255,0.073228306,-36.04589125,0.22,1.229,0.099479109,12.35435276,0.940149,0.098129109,0.097579109,40.59687397,1.498823555,17.35,139.7000541,34.95,0.15,8.375975634,11.67,0.68079472,9.4741833,0.70542725,0.006500537,-271.1599459,0.034946878,-0.000616003,6.1622381
4,D_4_5_BC,5,Phyllospadix,Before,Control,Day,Before_Control,-31.43933793,60.81619394,1,0.0984464,-1.0976526,0.1194545,0.015124698,-10.96814799,-1.86,1.229,0.099479109,12.35435276,0.940149,0.097729109,0.097729109,32.87434593,1.337133635,18.9,116.1930345,35.75,0.25,8.420152136,10.85,0.8216488,8.9087259,0.69574175,0.018774251,-294.6669655,0.033283609,-0.0018413,3.611992617
4,N_4_4_BC,4,Phyllospadix,Before,Control,Night,Before_Control,102.790611,-128.6389246,0.866666667,-0.14085408,-0.7539432,0.0600501,-0.098025964,344.4521183,-0.01,1.229,0.099479109,12.35435276,0.940149,0.098129109,0.098129109,-102.0574217,-4.809324798,15.4,1455.878472,33.15,5.1,7.525270864,3.055,0.42483408,8.7923082,0.56079045,7.142811593,1045.018472,0.037393844,2.79121486,-10.10577796
5,D_5_4_AI,4,Phyllospadix,After,Control,Day,After_Control,8.142408249,67.86274163,0.95,-0.6664064,0.4213212,-0.006457,0.134333867,-128.5317162,7.94,1.533,0.089376551,17.15214985,0.781399,0.088026551,0.088026551,-9.243049849,-0.285764884,13.75,353.1968882,35.4,0.6,8.094301009,16.88,1.1132016,4.5680088,0.6876705,0.094559212,-57.66311179,0.038832846,-0.002117391,4.48407051
5,N_5_4_AI,4,Phyllospadix,After,Control,Night,After_Control,159.5819421,-197.7939133,1.133333333,0.0605824,0.7317684,-0.045199,-0.09076206,690.112833,-0.31,1.533,0.089376551,17.15214985,0.781399,0.088026551,0.088016551,-160.3435261,-4.154909785,10.5,2512.389589,35.55,0.5,7.357781265,0.965,0.8784448,2.3616162,0.8297245,0.05992235,2101.529589,0.043027736,0.054184222,-6.149964135
5,D_5_4_BC,4,Phyllospadix,Before,Control,Day,Before_Control,-30.94498785,54.1675222,1.1,-0.0151456,0.0221748,-0.006457,0.006219137,-8.198108949,0.89,1.533,0.089376551,17.15214985,0.781399,0.088026551,0.087976551,30.89475345,0.824446474,17.05,160.0534622,35.5,0.3,8.327960241,12.185,0.8784448,4.490397,0.5791929,0.025803295,-250.8065378,0.035146672,-0.002274564,2.068818806
5,D_5_5_BC,5,Phyllospadix,Before,Control,Day,Before_Control,-46.04887549,18.93818041,1.05,0.5603872,1.2528762,0.1343056,-0.104241534,46.25524093,-4.86,1.533,0.089376551,17.15214985,0.781399,0.087626551,0.087626551,45.62499769,1.270435904,20.2,179.0820282,35.8,0.25,8.278949042,10.2,1.1510656,5.1279225,0.6431172,0.01938156,-231.7779718,0.032089821,-0.001441545,-0.214320581
5,N_5_4_BC,4,Phyllospadix,Before,Control,Night,Before_Control,111.8963663,-140.6536266,0.9,0.8102896,3.2929578,0.135597,-0.091216947,511.5907263,1.25,1.533,0.089376551,17.15214985,0.781399,0.088026551,0.088026551,-114.1078405,-3.723832579,15.4,1922.323337,33.1,5.1,7.471467669,3.325,0.4051448,5.3496705,0.7457835,7.142811593,1511.463337,0.037404277,4.038202374,-9.494642683
6,D_6_4_AI,4,Phyllospadix,After,Removal,Day,After_Removal,-94.12714515,126.393279,0.966666667,-0.2385432,-0.7982928,0.071027,0.040829214,-15.55852612,3.93,0.683,0.032320438,21.13213906,0.905224,0.030970438,0.030970438,94.82894875,2.275288549,15.3,75.04641632,34.8,0.6,8.560782645,22.285,2.88713,5.4993504,1.1525745,0.098600163,-335.8135837,0.037162851,-0.012305094,3.802277928
6,N_6_4_AI,4,Phyllospadix,After,Removal,Night,After_Removal,72.14118919,-101.8799177,1.083333333,0.3824264,0.3215346,-0.109769,-0.086622836,489.5855123,0.11,0.683,0.032320438,21.13213906,0.905224,0.030970438,0.030930438,-72.29983539,-1.545917143,10.5,2074.403702,35.55,0.5,7.4135065,1.385,2.4403348,3.7752597,0.6553855,0.05992235,1663.543702,0.043027736,0.042891531,-2.853773002
6,D_6_4_BC,4,Phyllospadix,Before,Removal,Day,Before_Removal,-39.95097295,28.07741515,1.083333333,1.5410648,6.9517998,0.3079989,-0.060756598,20.26642145,-0.61,0.683,0.027431631,24.89826449,0.905224,0.026081631,0.026071631,35.15623575,0.63362659,18.55,145.9438676,35.35,0.3,8.334478264,10.775,3.8110116,10.9377201,0.76935155,0.026800881,-264.9161324,0.033688587,-0.002391885,0.380852991
6,D_6_5_BC,5,Phyllospadix,Before,Removal,Day,Before_Removal,14.32018147,-40.90199741,1.133333333,1.249512,-3.6810168,0.071027,-0.008191601,7.478924818,-0.59,0.683,0.027431631,24.89826449,0.905224,0.025681631,0.025681631,-9.247598667,-0.156934651,19,159.8165408,35.1,0.2,8.300004164,10.175,5.2063,12.5731116,0.9588645,0.012045284,-251.0434592,0.033307643,-0.001007186,-1.230297619
6,N_6_4_BC,4,Phyllospadix,Before,Removal,Night,Before_Removal,36.21763997,-111.4800274,0.866666667,-0.19197048,-4.3906104,-0.071027,-0.251353057,1082.904027,0.25,0.683,0.027431631,24.89826449,0.905224,0.026081631,0.026081631,-32.16105405,-0.724832835,15.4,1785.870083,33.1,5.1,7.500906915,2.555,0.46440196,9.8899608,0.6876705,7.142811593,1375.010083,0.037404277,3.673637889,-7.973788635
7,D_7_4_AI,4,Phyllospadix,After,Removal,Day,After_Removal,-39.55139065,100.9942567,0.966666667,-3.634944,0.9646038,0.06457,0.128085038,-127.2295718,2.12,3.083,0.216552997,14.23669979,0.705199,0.215202997,0.215162997,35.08098285,1.295491913,13.05,349.3624567,35,0.85,8.068855509,13.67,4.316496,5.3940201,1.42054,0.186147406,-61.49754334,0.039778199,-0.004553652,6.168216658
7,N_7_4_AI,4,Phyllospadix,After,Removal,Night,After_Removal,29.97800157,-51.78271216,1.1,0.08860176,0.8426424,0.174339,-0.073919601,224.6593827,-1.15,3.083,0.216552997,14.23669979,0.705199,0.215202997,0.215202997,-30.38336421,-0.98619683,11,1157.862522,35.5,0.4,7.62625597,3.465,0.61983368,5.3108646,1.2881715,0.038905902,747.0025221,0.042344517,0.012306505,-2.387682556
7,D_7_4_BC,4,Phyllospadix,Before,Removal,Day,Before_Removal,-5.849948922,44.90293135,1.2,-0.16205792,-2.5944516,-0.652157,0.055950277,-46.72613631,1.29,2.99,0.257424427,11.61505934,0.705199,0.256074427,0.256074427,6.978028602,0.254737076,14.4,291.3631472,35.2,0.3,8.156549395,10.845,0.60355216,6.7189644,1.5787365,0.024061969,-119.4968528,0.03810685,-0.001095698,3.024774942
7,D_7_5_BC,5,Phyllospadix,Before,Removal,Day,Before_Removal,15.35887109,-19.56219962,0.966666667,0.5831056,1.9070328,0.025828,-0.018407277,18.15489414,-0.69,2.99,0.257424427,11.61505934,0.705199,0.255674427,0.255674427,-16.63114229,-0.752500994,15.5,277.0775261,35,0.2,8.175320895,11.145,0.814076,6.375255,1.265572,0.011013877,-133.7824739,0.036898821,-0.000543691,-1.017197478
7,N_7_4_BC,4,Phyllospadix,Before,Removal,Night,Before_Removal,67.36190554,-85.64939577,0.883333333,0.151380272,0.4324086,0.251823,-0.062005533,261.9430099,-0.68,2.99,0.257424427,11.61505934,0.705199,0.256074427,0.256074427,-67.13928787,-3.329605431,15.55,1463.417638,33,5.05,7.5657238,3.28,0.099998824,8.1326079,1.9661565,7.031335851,1052.557638,0.037256575,2.757316773,-7.922847419
8,D_8_4_AI,4,Phyllospadix,After,Control,Day,After_Control,-33.57735779,80.12872465,0.966666667,-1.2532984,0.110874,-0.32285,0.125727806,-308.7222033,-1.59,0.886,0.063797987,13.88758552,0.778224,0.062447987,0.062447987,31.56748539,1.177317513,13.7,939.0794922,34.6,0.85,7.725042458,10.115,3.5005268,5.5437,1.452825,0.189515174,528.2194922,0.039068796,0.039110056,4.760415355
8,N_8_4_AI,4,Phyllospadix,After,Control,Night,After_Control,61.52318824,-78.85894478,1.1,-1.4161136,2.3893347,0.380963,-0.051642189,294.2454496,-0.56,0.886,0.063797987,13.88758552,0.778224,0.062447987,0.062447987,-64.56671054,-2.116149448,10.6,2021.52511,35.5,0.4,7.411392431,1.09,1.2760168,4.62621765,1.433454,0.038461089,1610.66511,0.042899582,0.026575405,-3.079569965
8,D_8_4_BC,4,Phyllospadix,Before,Control,Day,Before_Control,-30.83797143,37.72313102,1.2,1.3214536,1.940295,0.7070415,-0.014518263,8.60662587,-1.34,0.886,0.063797987,13.88758552,0.778224,0.062447987,0.062447987,31.63321303,0.950369345,17.15,353.5991993,35.15,0.95,8.060541845,9.83,1.7247052,16.2153225,2.24865025,0.259414028,-57.26080068,0.035112084,-0.005215638,1.321508696
8,D_8_5_BC,5,Phyllospadix,Before,Control,Day,Before_Control,-30.46195526,47.61155993,0.983333333,-0.1098056,-0.388059,-0.3002505,-0.025375597,14.67253951,0.38,0.886,0.063797987,13.88758552,0.778224,0.062047987,0.062047987,30.13970766,1.097938178,20,365.238782,35.6,1.15,8.040594915,9.35,2.3305292,16.9914405,2.45204575,0.408127764,-45.62121799,0.032302434,-0.006014483,2.376892255
8,N_8_4_BC,4,Phyllospadix,Before,Control,Night,Before_Control,41.36302527,-61.71392377,0.883333333,-0.04846592,6.763314,0.1904815,-0.071181111,318.5735953,-0.53,0.886,0.063797987,13.88758552,0.778224,0.062447987,0.062447987,-47.79384219,-1.950642514,15.2,1654.121557,33.3,5.05,7.492991185,3.405,0.20143648,9.036231,1.43506825,6.966295263,1243.261557,0.037588757,3.255534803,-6.34243679
9,D_9_4_AI,4,Mytilus,After,Control,Day,After_Control,5.843935988,-5.168650072,0.983333333,-0.5225232,2.21748,0.303479,-0.00864934,39.08042545,1.69,6.453,0.751685393,8.58470852,1.114313001,0.750335393,0.750295393,-7.976981188,-0.482451943,12.55,1488.637043,35.15,0.7,7.494976667,10.505,7.28882,15.078864,2.0371835,0.124498568,1077.777043,0.040374614,0.054175343,-0.196928652
9,N_9_4_AI,4,Mytilus,After,Control,Night,After_Control,26.13370996,-36.94085222,1.1,0.6361152,3.32622,0.374506,-0.029892705,206.8485599,0.3,6.453,0.751685393,8.58470852,1.114313001,0.750335393,0.750345393,-28.07480276,-1.517991089,10.85,2437.626795,35.5,0.35,7.299566943,1.08,3.4759152,19.070328,2.214751,0.029659385,2026.766795,0.042551373,0.025578761,-2.502335914
9,D_9_4_BC,4,Mytilus,Before,Control,Day,Before_Control,17.74341012,-55.49300831,1.15,5.11164,12.1628778,0.90398,-0.166450773,439.7547567,0.45,6.453,0.751685393,8.58470852,1.114313001,0.750335393,0.750335393,-22.98668792,-1.188825097,15.85,1047.732976,35.9,0.85,7.637878442,8.755,6.607268,14.3193771,1.87253,0.200784347,636.8729763,0.036332024,0.046459258,-4.597606897
9,D_9_5_BC,5,Mytilus,Before,Control,Day,Before_Control,1.966872983,-27.81704729,1.166666667,0.681552,0.997866,0.19371,-0.120174492,449.835314,-1.21,6.453,0.751685393,8.58470852,1.114313001,0.749935393,0.749935393,-1.895766983,-0.096593074,17.8,1492.528012,36.55,1.65,7.49456581,8.375,9.503864,20.899749,2.421375,0.795606361,1081.668012,0.034193019,0.294258948,-3.032332942
9,N_9_4_BC,4,Mytilus,Before,Control,Night,Before_Control,65.62467606,-80.08625246,0.866666667,-0.5452416,0.55437,-0.06457,-0.048070921,271.0141256,-0.22,6.453,0.751685393,8.58470852,1.114313001,0.750335393,0.750335393,-66.85342766,-4.587868815,15.1,1882.283978,33.3,5.05,7.428129935,3.18,2.0522288,16.686537,1.672363,6.947740163,1471.423978,0.037702668,3.85437066,-10.2584654
24,D_24_4_BC,4,Mytilus,Before,Removal,Day,Before_Removal,-98.8643346,90.82764314,1.05,1.1662112,4.656708,0.813582,-0.023064011,27.81873294,-0.31,0.98,0.065976131,14.85385686,1.412763001,0.064626131,0.064626131,97.0010018,3.116123321,16.05,817.8568888,34.65,3.5,7.693187563,9.075,2.5065968,16.852848,1.472196,3.422219218,406.9968888,0.03636827,0.506549115,2.212940222
24,D_24_4_BC,4,Mytilus,Before,Removal,Day,Before_Removal,-98.8643346,90.82764314,1.05,1.1662112,4.656708,0.813582,-0.023064011,27.81873294,-0.31,0.98,0.065976131,14.85385686,1.412763001,0.064626131,0.064626131,97.0010018,3.116123321,16.05,817.8568888,34.65,3.5,7.693187563,9.075,2.5065968,16.852848,1.472196,3.422219218,406.9968888,0.03636827,0.506549115,2.212940222
24,D_24_5_BC,5,Mytilus,Before,Removal,Day,Before_Removal,-84.12303116,62.22557383,1.35,1.6432976,15.411486,0.426162,-0.066062281,121.4965658,-0.65,0.98,0.065976131,14.85385686,1.412763001,0.064226131,0.064226131,71.20716676,1.768158764,16.4,892.5145382,33.8,2.9,7.648624417,8.595,3.9113512,26.886945,2.092068,2.371019329,481.6545382,0.036162908,0.412984826,0.909126637
24,D_24_5_BC,5,Mytilus,Before,Removal,Day,Before_Removal,-84.12303116,62.22557383,1.35,1.6432976,15.411486,0.426162,-0.066062281,121.4965658,-0.65,0.98,0.065976131,14.85385686,1.412763001,0.064226131,0.064226131,71.20716676,1.768158764,16.4,892.5145382,33.8,2.9,7.648624417,8.595,3.9113512,26.886945,2.092068,2.371019329,481.6545382,0.036162908,0.412984826,0.909126637
24,N_24_4_BC,4,Mytilus,Before,Removal,Night,Before_Removal,-65.07642599,63.58286907,1.05,1.5675696,-8.537298,0.032285,-0.010536324,23.92560024,0.89,0.98,0.065976131,14.85385686,1.412763001,0.064626131,0.064626131,75.24586359,2.417247101,14.55,2186.044962,33.35,4.95,7.329299724,3.055,1.5865016,24.669465,1.1977735,6.577481103,1775.184962,0.038328269,4.475302776,-2.807394931
24,N_24_4_BC,4,Mytilus,Before,Removal,Night,Before_Removal,-65.07642599,63.58286907,1.05,1.5675696,-8.537298,0.032285,-0.010536324,23.92560024,0.89,0.98,0.065976131,14.85385686,1.412763001,0.064626131,0.064626131,75.24586359,2.417247101,14.55,2186.044962,33.35,4.95,7.329299724,3.055,1.5865016,24.669465,1.1977735,6.577481103,1775.184962,0.038328269,4.475302776,-2.807394931
24,N_24_5_BC,5,Mytilus,Before,Removal,Night,Before_Removal,43.32267254,-45.53474366,0.866666667,-1.83716128,4.98933,-0.245366,-0.003678262,31.43823313,0.18,0.98,0.065976131,14.85385686,1.412763001,0.064226131,0.064226131,-50.63989582,-1.958718524,14.6,2213.726879,33.3,4.7,7.322192431,3.59,1.45170576,22.895481,1.091233,5.937869473,1802.866879,0.038280473,4.097996708,-5.661787244
24,N_24_5_BC,5,Mytilus,Before,Removal,Night,Before_Removal,43.32267254,-45.53474366,0.866666667,-1.83716128,4.98933,-0.245366,-0.003678262,31.43823313,0.18,0.98,0.065976131,14.85385686,1.412763001,0.064226131,0.064226131,-50.63989582,-1.958718524,14.6,2213.726879,33.3,4.7,7.322192431,3.59,1.45170576,22.895481,1.091233,5.937869473,1802.866879,0.038280473,4.097996708,-5.661787244
