Plate,Well,Id_code,Heterotrophic Bacterioplankton/μL,Synechoococcus/μL,Autotrophic PicoEukaryotes/μL,Notes,Total sample RU after blank subtraction,M:C,BIX,HIX,FI,Ultra Violet Humic-like,Marine Humic-like,Visible Humic-like,Tryptophan-like,Tyrosine-like,Phenylalanine-like,Fulvic Acid-like,PARAFAC1,PARAFAC2,PARAFAC3,PARAFAC4,PARAFAC5,PARAFAC6
Plate1,A1,N2_Ocean_1_BC,1353.55,13.4,3.01,NA,114.8816473,1.156209098,0.988504384,0.535177806,1.58385929,0.033583959,0.038270116,0.03309965,0.157656334,0.180126446,0.046388004,0.014562853,0.144230059,0.041764233,0.053243361,0.032444252,0.071819743,0.014359021
Plate1,A2,N1_Ocean_1_BC,1479.06,17.21,2.72,NA,74.70080607,1.251553855,0.920195736,1.175064005,1.535126759,0.030599992,0.035817062,0.028618075,0.078580445,0.061744933,0.026584967,0.013120329,0.051507621,0.036111436,0.042700368,0.031366273,0.063042603,0.013047289
Plate1,A3,N2_Ocean_4_BC,1189.81,8.43,2.26,NA,120.0971315,1.22942234,0.854959835,0.540335308,1.532815279,0.040354643,0.046141715,0.037531216,0.154552378,0.268889002,0.051441368,0.018383557,0.190112726,0.052629381,0.018582039,0.038011744,0.088576167,0.017697182
Plate1,A4,N1_Ocean_5_BC,1073.01,16.24,2.7,NA,79.43326629,1.295405331,0.855760041,1.427688187,1.541075185,0.040011762,0.046203254,0.035667025,0.062677216,0.063026392,0.036501663,0.017009147,0.051521026,0.046729972,0.021330479,0.03578182,0.070851838,0.015724165
Plate1,A5,N_1_1_BC,1305.04,10.48,2,NA,115.745871,1.169440839,0.935173721,0.773582031,1.619540449,0.047475299,0.054811973,0.046870241,0.152183644,0.159603933,0.052378855,0.019622348,0.128310228,0.057502933,0.059553846,0.045116395,0.095361846,0.020624611
Plate1,A6,N_17_1_BC,764.06,5.56,0.26,NA,424.9048232,0.99551539,1.176572943,1.022639589,1.854188001,0.17908756,0.247607341,0.248722766,0.739866085,0.393455403,0.133181138,0.069657929,0.413145536,0.282469193,0.375320108,0.196575414,0.338712096,0.052767331
Plate1,A7,N_1_4_BC,1418.03,8.02,1.56,NA,155.0787459,1.055227973,0.974379104,0.853159514,1.30002924,0.055508566,0.064585956,0.06120569,0.206788904,0.205821176,0.045373815,0.031079643,0.151907226,0.068529591,0.085166674,0.05561866,0.052626149,0.032798004
Plate1,A8,N_2_1_BC,1278.62,10.26,2.08,NA,116.1249539,1.27022176,1.06250014,0.845678055,1.647892346,0.054102201,0.067541043,0.053172639,0.14760631,0.092275031,0.044102134,0.019450721,0.105314006,0.068507498,0.071350004,0.044275493,0.103440391,0.01902352
Plate1,A9,N_18_1_BC,2802.22,7.04,0.35,NA,257.7286523,1.252116248,1.364832035,0.482471791,1.277271397,0.06604858,0.089914698,0.071810184,0.557780552,0.307065212,0.092422179,0.040545312,0.287247158,0.081270899,0.334282757,0.086741632,0.134337336,0.03934127
Plate1,A10,N_1_1_BC_d,1495.95,11.27,1.98,duplicate,NA,NA,NA,NA,NA,NA,NA,NA,NA,NA,NA,NA,NA,NA,NA,NA,NA,NA
Plate1,A11,N_2_4_BC,1834.2,7.85,1.3,NA,121.3664664,1.210680369,0.990330919,0.778082922,1.56965386,0.052220108,0.063446747,0.052405861,0.136702064,0.240320883,0.079424377,0.02283569,0.159582882,0.069074595,0.019908965,0.04508872,0.108210594,0.022787605
Plate1,A12,N_18_5_BC,1314.42,5.44,0.32,NA,161.6740058,1.271318625,1.044898577,0.810235276,1.687858934,0.067302571,0.088246761,0.069413567,0.220726309,0.177005397,0.078291464,0.025818388,0.153633035,0.088535112,0.09925644,0.054499575,0.123504301,0.024511586
Plate1,B1,N_3_1_BC,1257.8,10.77,2.02,NA,118.8302876,1.37053109,1.189159486,1.035795458,1.237894161,0.047053071,0.061432137,0.0448236,0.148899417,0.084068876,0.046880966,0.021815341,0.077257972,0.059693203,0.086378485,0.040342356,0.087243073,0.02418622
Plate1,B2,N_16_1_BC,754.78,3.03,0.07,NA,326.4317884,1.608988403,0.826772097,0.556849408,1.420536404,0.117252653,0.147943335,0.091948043,0.74426411,0.354797467,0.107359975,0.054929174,0.378762084,0.1192906,0.404740944,0.116560652,0.169228254,0.052253114
Plate1,B3,N_19_1_BC,449.41,3.6,0.09,NA,127.4868424,1.207466189,1.013206973,0.965493173,1.605022793,0.048152164,0.060382912,0.050007952,0.166560413,0.100258036,0.037967089,0.020915545,0.097309492,0.060364963,0.088374466,0.045604975,0.092101707,0.020582229
Plate1,B4,N_32_1_BC,1078.93,2.77,0.03,NA,89.32255637,1.105165005,0.83921518,0.533805744,1.590507616,0.035339559,0.039884163,0.036088876,0.10918851,0.212117444,0.038344781,0.015894798,0.152650621,0.04748647,0.008438042,0.038476305,0.07496732,0.01432043
Plate1,B5,N_15_1_BC_d,1268.1,7.26,0.6,duplicate,NA,NA,NA,NA,NA,NA,NA,NA,NA,NA,NA,NA,NA,NA,NA,NA,NA,NA
Plate1,B6,N_3_4_BC,1434.21,8.94,1.81,NA,83.78491824,1.180386609,0.927313048,1.809411186,1.583149214,0.042994564,0.050065115,0.042414167,0.065187262,0.046571699,0.017870898,0.019740541,0.038562291,0.051231962,0.036816146,0.045371047,0.08587336,0.019516578
Plate1,B7,N_16_4_BC,826.2,2.08,0.32,NA,368.9399765,1.177273782,1.399947644,0.754951111,1.553157628,0.116986022,0.174467338,0.148196062,0.724824059,0.426446933,0.124635615,0.066508553,0.407645793,0.168065131,0.386506363,0.159170923,0.23778043,0.055907086
Plate1,B8,N_19_5_BC,1133.02,4.98,0.36,NA,463.6040106,1.582288716,1.039517265,0.349217521,1.470598366,0.092046699,0.121085822,0.076525744,0.901765187,0.41108982,0.156085997,0.043827642,0.324098263,0.097177582,0.663903831,0.076794585,0.220934203,0.045700585
Plate1,B9,N_32_5_BC,1030.54,3.82,0.15,NA,330.016614,1.333836601,0.698469725,0.516588709,1.48402342,0.109705905,0.117989912,0.088459045,0.577896651,0.385328327,0.115573102,0.03743062,0.419946371,0.112233622,0.217632807,0.076136345,0.158000269,0.044945535
Plate1,B10,N_4_1_BC,1125.68,8.01,1.75,NA,173.6951868,1.167873983,1.017723649,0.45053812,1.07262635,0.057709695,0.071589582,0.061299064,0.26918432,0.318904323,0.069704559,0.0293066,0.251116956,0.074390665,0.083432791,0.042832878,0.116127484,0.035902671
Plate1,B11,N_15_1_BC,1132.97,7.77,0.73,NA,235.4855022,1.39178943,1.174726168,0.351857985,1.661504868,0.059163541,0.07672212,0.055124805,0.496959543,0.457178762,0.126350824,0.022057938,0.428286702,0.076962883,0.15603856,0.041682624,0.134357334,0.02074903
Plate1,B12,N_20_1_BC,1515.75,16.02,1.76,NA,91.82774362,1.095765238,0.92558907,0.863811112,1.648284085,0.039553308,0.045654126,0.041664149,0.081752828,0.140866243,0.041208361,0.022112546,0.113195469,0.04995553,0.013931969,0.055557234,0.106328987,0.017785656
Plate1,C1,N_31_1_BC,942.83,5.21,0.1,NA,292.8331971,1.074366691,1.056838681,0.441582477,1.310445591,0.061635483,0.078053089,0.072650325,0.753453236,0.440175925,0.108607197,0.034649664,0.496065865,0.076229662,0.318271361,0.081517939,0.131378432,0.03228382
Plate1,C2,N_4_4_BC_d,984.12,6.68,0.9,duplicate,NA,NA,NA,NA,NA,NA,NA,NA,NA,NA,NA,NA,NA,NA,NA,NA,NA,NA
Plate1,C3,N_4_4_BC,1179.47,7.58,1.06,NA,106.0087125,1.087675114,0.846812951,1.085011019,1.55365211,0.049187053,0.056660405,0.052093133,0.122228932,0.10423664,0.029825572,0.02124225,0.080995713,0.061282166,0.063488978,0.051672295,0.102089448,0.022068398
Plate1,C4,N_15_4_BC,1006.57,5,0.44,NA,147.7660324,1.130710478,0.826414555,1.360804138,1.492693648,0.073409218,0.08161765,0.072182625,0.192765785,0.122608389,0.02235292,0.031396204,0.122910226,0.082318291,0.085205988,0.079690126,0.113820528,0.031480733
Plate1,C5,N_20_5_BC,1651.63,11.93,1.49,NA,261.3744867,1.255227186,1.391231812,0.905008606,1.496689208,0.099336517,0.143505968,0.114326689,0.43195712,0.253487828,0.075089905,0.050509107,0.237089196,0.142288531,0.230636127,0.112111179,0.155401092,0.043594348
Plate1,C6,N_31_5_BC,1027.36,5.65,0.32,NA,433.8004506,1.320750506,0.676601585,0.48852357,0.999957766,0.15952185,0.172978766,0.130970055,0.847005182,0.48589182,0.160815519,0.066914153,0.580808453,0.150725154,0.349224204,0.104342223,0.203423574,0.08653541
Plate1,C7,N_5_1_BC,1123.92,5.95,1,NA,172.9750101,1.201739874,0.993907317,0.657810754,1.191449046,0.064386475,0.080536388,0.06701649,0.23096985,0.216944461,0.078410482,0.034769911,0.187280774,0.080750947,0.096041744,0.056828099,0.133722914,0.039233021
Plate1,C8,N_14_1_BC,692.18,4.55,0.3,NA,410.8408595,0.961102462,0.559908492,0.528533568,2.329978589,0.253987179,0.26876088,0.279638114,0.751570738,0.442308081,0.124076539,0.061680531,0.442905583,0.294276955,0.371702456,0.135508842,0.242487585,0.058451061
Plate1,C9,N_21_1_BC,992.68,8.12,0.44,NA,159.7022576,1.030460528,1.004103644,1.065918818,1.485053083,0.05378726,0.063438317,0.061563074,0.222755556,0.212433012,0.047481353,0.035442655,0.175313886,0.065947152,0.095277444,0.098367724,0.138921398,0.028834175
Plate1,C10,N_30_1_BC,907.79,9.06,0.28,NA,310.519664,1.275904679,1.056515459,0.33166784,1.133508387,0.064982751,0.084877683,0.06652353,0.652643747,0.436465621,0.182474236,0.03558391,0.475099898,0.075082874,0.267175952,0.055688255,0.138169914,0.039480932
Plate1,C11,N_5_4_BC,1144.73,6.36,0.59,NA,246.1149864,1.268770905,1.208963744,1.055128098,1.330626456,0.111756959,0.142699681,0.112470802,0.310211379,0.196879485,0.06589227,0.051614098,0.168900804,0.142052746,0.172650179,0.096170063,0.192936217,0.057115795
Plate1,C12,N_14_4_BC,855.84,3.91,0.41,NA,291.3372798,1.150836763,1.084928907,0.637877133,1.098983029,0.095356934,0.11616462,0.100939268,0.57694452,0.419893503,0.126411933,0.060087065,0.373799879,0.10739619,0.267957604,0.114165319,0.192100682,0.067769406
Plate1,D1,N_21_5_BC,1185.47,5.89,0.26,NA,199.9656804,1.269590682,0.838989341,0.872873084,1.21818959,0.078766852,0.088404469,0.069632261,0.29358858,0.174721796,0.074040415,0.036195574,0.191378601,0.08337967,0.12602129,0.067881879,0.129658357,0.042658874
Plate1,D2,N_30_5_BC,1217.04,4.56,0.37,NA,155.5627863,1.183190849,0.908468712,1.680656514,1.552626242,0.079118482,0.090131445,0.07617659,0.144579734,0.082226627,0.035316592,0.037034015,0.073556348,0.091711569,0.085444415,0.078918656,0.145118578,0.035923049
Plate1,D3,N_6_1_BC,938.1,4.61,1.03,NA,143.6587887,1.101363343,0.994062164,1.436033198,1.685654376,0.068572533,0.084356003,0.076592346,0.132959232,0.16310578,0.022122756,0.034310696,0.121790996,0.092579875,0.045348582,0.095994859,0.143199892,0.026126495
Plate1,D4,N_13_1_BC,975.34,5.49,0.29,NA,213.0762513,1.161460454,1.061982063,0.405510137,1.262951726,0.057799001,0.070540728,0.060734507,0.494835287,0.513137944,0.14712265,0.03299048,0.425527738,0.072703143,0.168177411,0.063998115,0.124564361,0.032619631
Plate1,D5,N_22_1_BC,1888.17,14.68,2.04,NA,104.0873983,1.119872219,0.845850247,1.190535814,1.592867682,0.053496174,0.064510671,0.057605385,0.107157662,0.117505319,0.034667083,0.021060126,0.08805093,0.071767866,0.041571272,0.048858285,0.104101155,0.019203809
Plate1,D6,N_29_1_BC,1709.31,17.11,2.12,NA,107.2613007,1.145979453,0.927249827,0.765883207,1.534713046,0.042646419,0.048920478,0.042688791,0.119856468,0.147860277,0.043458779,0.01908804,0.122705282,0.053042104,0.02930905,0.04088411,0.088517526,0.018873526
Plate1,D7,N_6_4_BC,730.31,3.01,0.62,NA,398.7984414,1.026164679,1.394286485,1.958723885,1.773031138,0.202390025,0.289604887,0.282220674,0.449305604,0.293537958,0.087239715,0.090309268,0.273569666,0.335352566,0.196905261,0.234998192,0.353626332,0.065014111
Plate1,D8,N_13_4_BC,357.34,3.43,0.35,NA,216.5629143,1.126468091,1.005110874,0.515944673,1.694994662,0.064602058,0.077366705,0.068680778,0.585786948,0.169881914,0.068182815,0.027716425,0.096131983,0.07099951,0.490199376,0.069285692,0.101567501,0.026710118
Plate1,D9,N_22_5_BC,2154.62,13.6,1.81,NA,188.9733646,0.996885606,0.808691718,1.074380904,1.692849868,0.071087205,0.074777775,0.07501139,0.221533236,0.165655597,0.074419433,0.033433875,0.158488184,0.079851409,0.090427815,0.07648502,0.133128668,0.032716985
Plate1,D10,N_29_5_BC,1662.32,10.22,1.09,NA,248.8899516,1.204133748,0.884732462,0.727606816,1.844177393,0.112990443,0.133160233,0.110585916,0.337778811,0.448481352,0.121491702,0.039362806,0.34211133,0.14058795,0.068535858,0.087119714,0.185553099,0.035666071
Plate1,D11,N_7_1_BC,1651.01,14.21,2.21,NA,133.7323098,1.211735341,0.996522742,0.793446015,1.445156808,0.054290293,0.066742858,0.055080392,0.192494445,0.179745471,0.051337188,0.024692228,0.142242098,0.068611944,0.090421056,0.05715535,0.118955368,0.024467763
Plate1,D12,N_12_1_BC,1113.9,6.22,2.23,NA,302.645032,1.168457126,1.386661996,0.910625308,1.893490256,0.107001979,0.160260728,0.137155848,0.583594508,0.305252236,0.064378187,0.069418102,0.285191917,0.154178797,0.330133838,0.186983304,0.196663132,0.043731638
Plate1,E1,N_23_1_BC,1015.05,4.56,0.03,NA,97.01928859,1.134528681,1.049850881,1.031134251,1.565580504,0.040684711,0.04849528,0.042744869,0.104035608,0.155199125,0.043231835,0.021256224,0.111795862,0.053526532,0.020940754,0.052518429,0.083693452,0.017670199
Plate1,E2,N_28_1_BC,1362.16,15.02,1.39,NA,136.4846337,1.104325152,1.323495306,1.335482149,1.931169789,0.06783956,0.096128043,0.087046865,0.141078767,0.113327698,0.034799073,0.025752755,0.093514208,0.112875101,0.069396469,0.057751064,0.126052497,0.018736072
Plate1,E3,N_7_4_BC,1978.88,12.77,1.44,NA,197.9074394,1.040976065,0.893189302,1.49292675,1.668607065,0.099611042,0.116808353,0.112210412,0.239720474,0.178694791,0.059762203,0.041282884,0.173608839,0.12826015,0.10530335,0.117541897,0.216164687,0.035094792
Plate1,E4,N_12_4_BC,768.48,4.86,0.36,NA,107.4359428,1.117034735,0.895255354,1.306047754,1.532188124,0.048276657,0.055718557,0.049880774,0.119813136,0.095309798,0.025110108,0.022653065,0.081042053,0.058269752,0.055099631,0.053911084,0.087083307,0.021410994
Plate1,E5,N_23_5_BC,689.91,1.87,0.12,NA,354.3250086,0.860665881,0.885729235,0.462651772,1.811622294,0.111522141,0.131390205,0.152661106,0.763137246,0.396105308,0.144464531,0.039877768,0.481526649,0.144883117,0.339007807,0.094112249,0.170112965,0.040499327
Plate1,E6,N_28_5_BC,1767.81,8.1,0.76,NA,195.5782891,1.210226658,0.701362701,0.876969225,1.676495015,0.095203618,0.104830704,0.086620719,0.288638168,0.169309282,0.060181973,0.034766697,0.191583196,0.10195144,0.128300202,0.079893276,0.14018603,0.033166963
Plate1,E7,N_8_1_BC,1254.78,11.76,1.75,NA,169.5364252,1.175579737,1.157504146,0.744648206,1.184979021,0.066524188,0.085279617,0.072542606,0.214233996,0.198588415,0.086273368,0.03138406,0.190634564,0.092719974,0.076597213,0.055627876,0.143321971,0.035733165
Plate1,E8,N_11_1_BC,544.76,2.3,0.15,NA,322.7457134,1.032382647,1.029295413,0.670571236,1.68556979,0.101824711,0.135852863,0.131591579,0.704887098,0.357553247,0.110684601,0.054920079,0.385307821,0.133015986,0.36040233,0.140980578,0.181027608,0.047889464
Plate1,E9,N_24_1_BC,891.04,2.06,0,NA,94.51256866,1.268494061,0.863484518,0.726572344,1.579063831,0.040451406,0.051190137,0.040355047,0.105152365,0.172426868,0.02305782,0.016629336,0.123385347,0.054758612,0.024154687,0.040029195,0.094954994,0.015077224
Plate1,E10,N_27_1_BC,1610.81,17.51,2.06,NA,127.8191882,1.243649216,0.91692416,0.845807196,1.191149311,0.052253376,0.060743949,0.048843314,0.149706755,0.090536116,0.037923725,0.022043914,0.107860616,0.059387096,0.063953626,0.039312157,0.090021723,0.026313063
Plate1,E11,N_8_4_BC,1731.51,9.55,1.44,NA,145.7074217,1.105689938,0.716998033,1.101992021,1.643197992,0.084113982,0.093401479,0.084473482,0.145432668,0.198791906,0.063093682,0.033037105,0.1576167,0.100562685,0.027127137,0.07164616,0.146413943,0.033348667
Plate1,E12,N_11_4_BC,958.55,4.5,0.14,NA,375.8600528,1.175306279,0.873496049,0.730542978,1.93096983,0.087370525,0.132369684,0.112625693,0.950145329,0.385458696,0.132795612,0.079024787,0.340015344,0.117885047,0.674311767,0.264717559,0.236250287,0.050375793
Plate1,F1,N_24_5_BC,851.56,1.62,0.1,NA,271.1240911,1.010833973,1.262839094,1.144737237,2.195646822,0.098955922,0.133370463,0.131941018,0.381389031,0.221442075,0.089403663,0.046161041,0.236047593,0.144123667,0.169812322,0.14042342,0.173716581,0.033096298
Plate1,F2,N_27_5_BC,1638.32,10.96,1.27,NA,211.7921864,1.135767259,0.984477062,0.6301023,1.385930683,0.077443988,0.089518964,0.078818053,0.387022808,0.258520829,0.06395076,0.031327078,0.245805567,0.090827582,0.183471756,0.064484989,0.130475348,0.033936384
Plate1,F3,N_9_1_BC,921.64,7,0.3,NA,166.7221596,0.998884556,0.992686508,0.989925093,1.794107333,0.057729696,0.069748605,0.069826493,0.213631418,0.258563184,0.083779911,0.034836931,0.206240363,0.078311303,0.052807439,0.088887176,0.134434228,0.025402358
Plate1,F4,N_10_1_BC,1199.81,10.65,1.52,NA,233.4403175,1.372311105,0.778602082,0.406137036,1.284302433,0.072431302,0.082740213,0.060292606,0.487058323,0.3271539,0.111230144,0.030710796,0.367660359,0.074361082,0.187324905,0.055597829,0.127295173,0.033240203
Plate1,F5,N_25_1_BC,1064.16,3.83,0.23,NA,304.5673797,1.380644732,1.538162359,0.672786565,2.062100832,0.117420551,0.193004844,0.139793272,0.5169195,0.349637869,0.105745416,0.03842201,0.35537863,0.206813391,0.214090285,0.071326281,0.195206936,0.026305265
Plate1,F6,N_26_1_BC,1213.69,15.18,1.5,NA,246.6419825,0.985796914,1.424140718,1.527534593,2.026629291,0.123951279,0.182250975,0.184876796,0.190511514,0.251910269,0.061466867,0.064516088,0.225998763,0.224827917,0.012233764,0.165626412,0.234458247,0.03490402
Plate1,F7,N_9_4_BC,1489.95,12.53,0.85,NA,398.4512448,1.003879402,0.905928286,0.672113903,0.763475489,0.122857117,0.133132053,0.132617576,0.586321945,0.317373558,0.129790247,0.095763687,0.270350671,0.131427146,0.372821962,0.105137634,0.212406681,0.133691678
Plate1,F8,N_10_4_BC,1363.05,10.2,0.64,NA,187.5959605,1.080291051,0.917285608,1.140957177,1.697490973,0.080199607,0.095346548,0.088260055,0.236377859,0.176834643,0.043531585,0.045422897,0.14739595,0.098399617,0.123120554,0.113593155,0.171955294,0.037571319
Plate1,F9,N_25_5_BC,1349.56,9,0.96,NA,238.2077497,1.174213354,1.07758468,0.823168237,1.79095246,0.083500528,0.10448186,0.088980303,0.432399372,0.231529522,0.066856489,0.035978422,0.247217703,0.104964577,0.204578263,0.085732,0.163008315,0.030944248
Plate1,F10,N_26_5_BC,634.49,0.29,0.09,NA,192.7921064,1.324006647,1.497642048,0.849614158,1.672009795,0.075055859,0.108829687,0.082197236,0.259792056,0.216901202,0.050370882,0.029272114,0.208684644,0.112302851,0.083610667,0.053974019,0.126649355,0.027560727
Plate1,F11,Stained Blank,5.28,0.01,0,NA,NA,NA,NA,NA,NA,NA,NA,NA,NA,NA,NA,NA,NA,NA,NA,NA,NA,NA
Plate1,F12,Stained Blank,3.14,0,0,NA,NA,NA,NA,NA,NA,NA,NA,NA,NA,NA,NA,NA,NA,NA,NA,NA,NA,NA
Plate1,G1,Blank,1.37,0.04,0,NA,NA,NA,NA,NA,NA,NA,NA,NA,NA,NA,NA,NA,NA,NA,NA,NA,NA,NA
Plate1,G2,Blank,0.8,0.01,0,NA,NA,NA,NA,NA,NA,NA,NA,NA,NA,NA,NA,NA,NA,NA,NA,NA,NA,NA
Plate2,A1,N2_Ocean_1_AI,355.07,0.76,0.43,NA,130.3467783,1.209575541,0.776474704,0.570970545,1.819555845,0.066648998,0.074400737,0.06150979,0.219436286,0.112847462,0.044223883,0.023560045,0.153860943,0.071447007,0.094712511,0.044504766,0.091165272,0.021949102
Plate2,A2,N_1_1_AI,747,1.56,0.61,NA,61.99327584,1.279422685,0.928695883,1.053214232,1.563376939,0.029501389,0.037171315,0.029053194,0.05311895,0.064487292,0.006487974,0.014539041,0.056486567,0.038234826,0.018337718,0.032658469,0.072536479,0.012529766
Plate2,A3,N_2_1_AI,729.72,1.09,0.49,NA,85.85311975,1.140732734,1.076026333,0.49779571,1.400674701,0.025857836,0.032449157,0.028445889,0.139048743,0.102099589,0.037118071,0.014309726,0.102809579,0.034112314,0.070375219,0.029305006,0.058871252,0.013594987
Plate2,A4,N_3_1_AI,750.27,1.33,0.72,NA,88.5765169,0.890302159,0.784849134,1.679263488,1.73005538,0.046045994,0.04950052,0.055599685,0.079045781,0.046443734,0.019464672,0.017116377,0.05151232,0.058417358,0.038148665,0.056798479,0.082052019,0.016522979
Plate2,A5,N_4_1_AI,675.64,1.75,0.65,NA,73.68366673,1.221604488,1.034121395,1.227957023,1.584259551,0.033889815,0.040746118,0.033354591,0.074538301,0.046862885,0.01439057,0.015610197,0.046166503,0.041088336,0.04197377,0.035187072,0.074370592,0.014687319
Plate2,A6,N_5_1_AI,808.86,4.81,1.16,NA,124.5659627,1.142706375,0.94421024,0.744938759,1.461269198,0.050165707,0.056883497,0.049779627,0.194964538,0.106942304,0.044490149,0.022536909,0.125410488,0.05590936,0.095724977,0.044082732,0.100037388,0.024255931
Plate2,A7,N_6_1_AI,505.94,0.4,0.37,NA,82.13010733,1.207445707,0.967361978,0.730061099,1.576145305,0.03744647,0.046062552,0.038148756,0.092969267,0.111522458,0.046174981,0.018114233,0.100181441,0.048432668,0.029268231,0.041473807,0.087643405,0.016334643
Plate2,A8,N_7_1_AI,808.9,1.29,0.85,NA,96.7132615,1.016059025,0.989759917,1.0349948,1.767149007,0.043861636,0.053934749,0.053082299,0.109309239,0.08459249,0.032540321,0.02036335,0.076270432,0.062369268,0.056335196,0.050712333,0.092097412,0.01752721
Plate2,A9,N_8_1_AI,615.15,1.57,1.79,NA,162.101193,1.252454719,0.706741972,0.514983265,1.53536483,0.078227411,0.085212553,0.068036434,0.340763619,0.210199605,0.067523078,0.026151229,0.196056715,0.084578788,0.198938803,0.059203721,0.105523425,0.025073188
Plate2,A10,N_9_1_AI,343.68,0.53,1.39,NA,81.11575194,1.27516862,0.939873046,0.96160423,1.423281985,0.036941449,0.044524524,0.034916578,0.101974082,0.079473722,0.015363351,0.016993946,0.069911842,0.045041762,0.049670239,0.03348746,0.077702072,0.016828111
Plate2,A11,N_10_1_AI,470.96,0.96,4.62,NA,112.3613653,1.207735372,1.092889744,0.8621896,1.40238397,0.040347142,0.049565312,0.041039878,0.148348835,0.089822509,0.042403502,0.021352734,0.101650959,0.049096039,0.068575045,0.039811267,0.090058654,0.020869775
Plate2,A12,N_11_1_AI,510.13,0.59,0.69,NA,205.1090721,0.576807404,0.718159111,1.798275608,1.87298497,0.087849879,0.074785574,0.129654324,0.240561958,0.165276367,0.053962631,0.056417617,0.176726072,0.092853958,0.082345624,0.196520433,0.172972893,0.040278416
Plate2,B1,N_12_1_AI,393.94,0.32,0.53,NA,283.4226414,0.756527062,1.263569196,1.055178101,1.704643232,0.064728597,0.074808556,0.098884177,0.414488609,0.322726504,0.105475337,0.106825844,0.34759296,0.06774385,0.142360604,0.276996116,0.195526337,0.054468042
Plate2,B2,N_13_1_AI,286.1,0.24,0.55,NA,228.642073,0.895795716,1.06919861,0.900575548,1.596953291,0.056127722,0.06398377,0.071426742,0.37021386,0.243173305,0.081539631,0.057269408,0.268618907,0.059601031,0.155788601,0.152892591,0.144646816,0.036498262
Plate2,B3,N_14_1_AI,391.96,0.89,0.56,NA,95.01763298,1.286492549,1.062081275,0.591766935,1.656393227,0.038515808,0.049737788,0.038661544,0.145899831,0.14389363,0.047530832,0.019976998,0.121158572,0.049565118,0.074006821,0.046486322,0.089559405,0.016005552
Plate2,B4,N_15_1_AI,670.5,1.44,4.81,NA,200.377036,1.12431823,0.801755249,0.659193224,1.487263877,0.07270765,0.082202278,0.073112999,0.364076709,0.285178785,0.091408386,0.029454144,0.269764948,0.083254012,0.138427394,0.071358006,0.122934982,0.028682166
Plate2,B5,N_16_1_AI,599.99,0.63,0.32,NA,118.6857017,1.084545138,1.124545307,0.664782406,1.636864537,0.039483605,0.050724051,0.046769885,0.194260466,0.129431315,0.045397357,0.016804485,0.138435307,0.05553689,0.083590954,0.036813353,0.082149453,0.015198805
Plate2,B6,N1_Ocean_1_AI,500.88,1.01,0.64,NA,59.32382963,1.183496529,0.931274536,0.781664662,1.656188023,0.027388905,0.032677124,0.027610663,0.060301205,0.064360242,0.042207351,0.013402136,0.062498624,0.034305362,0.025195798,0.032382494,0.06907233,0.011795594
Plate2,B7,N_17_1_AI,660,0.68,0.31,NA,377.6948577,1.364540757,2.014332881,1.035970655,1.825607086,0.168420444,0.290396029,0.212815944,0.627526675,0.321355815,0.087001776,0.053208322,0.30338127,0.311143824,0.369482463,0.118552948,0.273850276,0.039588509
Plate2,B8,N_18_1_AI,578.29,0.89,0.31,NA,146.0267393,1.142734485,0.903240643,0.75557704,1.474501596,0.045811968,0.053742986,0.047030161,0.279843367,0.17898994,0.061550893,0.023121107,0.181185182,0.051210565,0.127323396,0.058656243,0.098711177,0.020194878
Plate2,B9,N_19_1_AI,387.9,0.4,0.05,NA,161.2836775,1.29015235,0.947838764,0.658163027,1.613591247,0.059947043,0.076672618,0.05942912,0.316208523,0.199184706,0.068282257,0.029283174,0.211918038,0.070899698,0.1476184,0.070318223,0.132015727,0.024251283
Plate2,B10,N_20_1_AI,938.22,1.53,0.35,NA,92.66503056,1.142216536,0.930430678,0.686200517,1.570969777,0.040135798,0.048705403,0.042641129,0.114391431,0.157849415,0.040297169,0.018695886,0.124112208,0.053557595,0.030815723,0.042923463,0.092716762,0.01691397
Plate2,B11,N_21_1_AI,466.59,0.65,0.08,NA,186.4957142,0.926976026,1.584517746,0.853232358,2.031022091,0.085987336,0.115365499,0.124453595,0.251195911,0.142715404,0.069413549,0.020298181,0.148667182,0.152626312,0.134471341,0.037783733,0.121486509,0.017555698
Plate2,B12,N_22_1_AI,534.36,0.77,0.39,NA,145.1308684,1.170945259,1.291771119,0.829429589,1.957993768,0.078764363,0.109350172,0.093386238,0.22074032,0.149843363,0.058050636,0.02255169,0.134190276,0.124665546,0.119488861,0.045318777,0.133382717,0.020066507
Plate2,C1,N_23_1_AI,577.48,2.01,0.33,NA,157.1626159,1.09349614,1.059735814,0.428606402,1.200820723,0.036931326,0.045664276,0.041759888,0.320748096,0.221813893,0.069714774,0.018098539,0.201887919,0.046024857,0.161237122,0.035356977,0.083089069,0.02031009
Plate2,C2,N_24_1_AI,602.75,1.32,0.49,NA,83.83566649,1.075615564,0.959922003,1.012261205,1.441765968,0.03315431,0.038278622,0.035587642,0.113311003,0.070892508,0.025356881,0.015425449,0.061542869,0.040491885,0.067887549,0.04043348,0.079345647,0.015476393
Plate2,C3,N_25_1_AI,406.86,1.08,0.17,NA,172.256534,1.002679271,0.97751207,0.981838132,1.737819503,0.064090011,0.07495739,0.074757095,0.277308576,0.178473296,0.07159489,0.031850585,0.193040194,0.077057647,0.117599297,0.095804072,0.14070498,0.025073641
Plate2,C4,N_26_1_AI,387,0.65,0.29,NA,65.71109609,1.170076692,0.976624404,0.606456019,1.63103575,0.029217883,0.037004442,0.031625655,0.081646875,0.117787791,0.045615648,0.01410292,0.101219786,0.04118417,0.022105433,0.032274269,0.072347896,0.011637162
Plate2,C5,N_27_1_AI,577.59,1.04,0.43,NA,214.8259137,1.097826984,0.820459091,0.462840759,1.418183256,0.06598115,0.073606399,0.067047358,0.489090832,0.310992356,0.101277812,0.029337471,0.3322573,0.070093652,0.204970306,0.062231061,0.104100617,0.028563009
Plate2,C6,N_28_1_AI,651.49,1.48,0.33,NA,200.5291228,1.350636238,1.084329838,0.481416965,0.832102928,0.06724132,0.082870648,0.061356748,0.378055057,0.177113492,0.074037843,0.036600242,0.227838997,0.070721288,0.185768274,0.04796497,0.098874234,0.047949038
Plate2,C7,N_29_1_AI,718.14,1.91,0.95,NA,83.71156007,1.229732642,1.077850753,1.044699646,1.617925196,0.036017581,0.045885058,0.037313036,0.120903824,0.055162931,0.033733784,0.015053833,0.051317084,0.045467824,0.081308479,0.034766209,0.073005166,0.014994065
Plate2,C8,N_30_1_AI,361,0.28,0.57,NA,113.9933013,1.123933434,0.949296646,0.775934131,1.640144183,0.042964611,0.052118329,0.046371367,0.154954674,0.158207739,0.044975801,0.021511424,0.128324685,0.055355102,0.063532595,0.054705113,0.101821617,0.01817368
Plate2,C9,N_31_1_AI,342.49,0.44,0.17,NA,222.5172792,0.947036442,1.192191846,0.815329353,1.701425122,0.0682373,0.083673013,0.088352474,0.427266038,0.23812969,0.077582374,0.03661486,0.275581957,0.087033158,0.185723682,0.103855585,0.134028209,0.028534031
Plate2,C10,N_32_1_AI,478.44,0.61,0.29,NA,75.90562102,1.198040637,1.211038679,0.903043165,1.680046035,0.034867829,0.045453616,0.037939962,0.084643667,0.099864142,0.018632437,0.017378048,0.077019015,0.048591112,0.033770395,0.040649048,0.078739017,0.013467264
Plate2,C11,N2_Ocean_4_AI,455.57,0.84,1.03,NA,70.07944992,1.112253028,0.963156684,1.292614492,1.594214786,0.029031856,0.033325671,0.029962311,0.05599065,0.040920268,0.00850033,0.014478208,0.036928731,0.034541801,0.030756388,0.032630011,0.057874458,0.013553696
Plate2,C12,N_1_4_AI,1038.8,0.81,0.51,NA,185.0591937,1.08767559,0.971932125,0.85164441,1.334483858,0.072050148,0.085208937,0.078340397,0.252080145,0.186441733,0.069107966,0.039594396,0.190704517,0.087186966,0.107502482,0.084766591,0.138292541,0.036520372
Plate2,D1,N_2_4_AI,762.87,0.43,0.52,NA,84.63061304,1.051268287,0.991499468,1.383756379,1.518793862,0.040062689,0.048382091,0.046022592,0.080919576,0.057242725,0.014211031,0.021184007,0.053801223,0.05212539,0.041614883,0.048904804,0.082177006,0.019191241
Plate2,D2,N_3_4_AI,801.55,0.48,0.33,NA,97.09390297,1.239298241,0.887826469,1.109515967,1.602572061,0.042743596,0.049369651,0.03983678,0.117913513,0.076995562,0.034113347,0.016932863,0.070993886,0.048901953,0.063697212,0.038972013,0.080831353,0.016684767
Plate2,D3,N_4_4_AI,786.96,0.56,0.88,labed time point 1 but in time point 5 grouping,86.46937682,1.182487138,0.947383041,1.069686234,1.536786303,0.037599399,0.043505851,0.036791817,0.098152418,0.058011973,0.026615781,0.016864752,0.063555384,0.044149455,0.05082882,0.036471166,0.074620643,0.01696558
Plate2,D4,N_5_4_AI,1336.94,15.18,1.44,NA,142.2363694,1.09140631,0.948129441,1.378858901,1.676890625,0.066299268,0.076081589,0.069709684,0.163745487,0.091112688,0.026901121,0.031592135,0.097203029,0.078222187,0.082553854,0.069890011,0.128357743,0.029440289
Plate2,D5,N_6_4_AI,479.71,0.08,0.32,NA,98.39019832,1.241463004,0.901301583,1.536761234,1.583720217,0.053146284,0.061941545,0.049893992,0.099426354,0.051757239,0.022859375,0.022910486,0.055609109,0.060695931,0.052439956,0.048458191,0.097825253,0.022226689
Plate2,D6,N_7_4_AI,855.14,0.83,0.41,NA,151.4543811,1.253128626,0.884618128,0.663062818,1.874005929,0.071678938,0.083202761,0.066396026,0.257035145,0.144270826,0.057014199,0.022196239,0.183916338,0.081004445,0.09867709,0.049130638,0.105710439,0.021154987
Plate2,D7,N_8_4_AI,1488.06,6.24,0.6,NA,179.14217,0.918573607,1.008425123,0.675322312,1.386385056,0.070134648,0.083299877,0.090683943,0.286926297,0.17283334,0.068684063,0.035342687,0.21995661,0.090784385,0.108911855,0.068299468,0.125902784,0.037638196
Plate2,D8,N_9_4_AI,630.33,0.52,1.01,NA,133.766877,1.768569913,0.71934144,0.541898357,0.928097388,0.072510794,0.083705553,0.047329513,0.258947846,0.093449734,0.02901281,0.027505303,0.116871896,0.066794393,0.156993307,0.033621145,0.092120808,0.035506615
Plate2,D9,N_10_4_AI,520.06,0.29,0.92,NA,107.1484046,1.214339493,0.922019542,1.007222851,1.581217042,0.048000358,0.058339725,0.048042352,0.147259472,0.090028473,0.058528493,0.027259018,0.089502547,0.05613046,0.083245328,0.061714694,0.105271905,0.022780895
Plate2,D10,N_11_4_AI,486.1,0.41,0.23,NA,189.4520958,0.839106895,0.764619706,2.278785125,1.772193873,0.089435425,0.089712602,0.106914391,0.199161149,0.106874677,0.059607454,0.061623189,0.133254843,0.092323792,0.082337159,0.197013321,0.168807851,0.039721423
Plate2,D11,N_12_4_AI,360.7,0.19,0.4,NA,319.6516077,0.899114866,0.982363896,1.521168343,1.862395862,0.122099046,0.142942333,0.15898117,0.499953919,0.218073468,0.084232884,0.105881223,0.231639456,0.140547725,0.297203883,0.321401519,0.251726151,0.05634967
Plate2,D12,N_13_4_AI,393.38,1.15,0.41,NA,86.29751431,1.127521527,1.049735622,1.594564436,1.628174364,0.04026145,0.047594145,0.042211296,0.088834395,0.048850179,0.021904658,0.019157101,0.044493041,0.049601118,0.050740339,0.042058078,0.074165329,0.018187928
Plate2,E1,N_14_4_AI,570.31,1.87,1.28,NA,149.5300558,1.051047086,0.883747839,1.021817591,1.418162688,0.067606877,0.073880916,0.070292679,0.236231129,0.125284367,0.033959768,0.040993712,0.135771399,0.068427934,0.120981049,0.097038492,0.119782552,0.037658258
Plate2,E2,N_15_4_AI,626.89,0.61,0.52,NA,200.7857432,0.71357671,1.068429071,1.037672953,2.233606876,0.085224878,0.09349526,0.131023418,0.305109037,0.117737181,0.066067872,0.054400945,0.193885291,0.107515261,0.124864615,0.142347753,0.152685195,0.036007334
Plate2,E3,N_16_4_AI,541.33,0.37,0.64,NA,133.522911,1.196211224,1.283579294,0.727030131,1.686193164,0.037859048,0.050382783,0.042118635,0.206185427,0.11305158,0.051251652,0.017418211,0.134372115,0.050804378,0.094606841,0.0380351,0.079007322,0.015565244
Plate2,E4,N1_Ocean_4_AI,506.85,0.69,0.36,NA,225.0309253,0.539681519,0.561539451,0.54394925,1.39120055,0.10958466,0.104990529,0.194541642,0.318063545,0.259122541,0.089451572,0.035030096,0.347532398,0.161499685,0.02593694,0.059300253,0.133484284,0.050381895
Plate2,E5,N_17_4_AI,510.98,0.31,0.17,NA,264.5809564,0.814928413,0.920078806,1.200095956,1.97207934,0.10663027,0.128750664,0.157990152,0.357968097,0.220598842,0.089051005,0.068988405,0.250444746,0.153317562,0.142674929,0.201290017,0.212646388,0.04113956
Plate2,E6,N_18_4_AI,583.19,0.79,0.23,NA,235.8839386,1.153957055,1.731506855,0.943008666,2.184713513,0.099227554,0.155560753,0.134806362,0.426666197,0.195957133,0.077476033,0.040235463,0.268111884,0.170038286,0.177141368,0.096280273,0.171233733,0.023001696
Plate2,E7,N_19_4_AI,537.09,0.39,0.23,NA,87.83666481,1.354289039,0.889464563,1.401364903,1.635872392,0.048641408,0.059095395,0.043635733,0.09275451,0.046887667,0.016652427,0.019264339,0.044245361,0.056221138,0.057554923,0.040221705,0.089119306,0.018600672
Plate2,E8,N_20_4_AI,1009.37,6.39,0.4,NA,91.53115417,1.285674585,0.95642348,1.05603558,1.283826471,0.048807134,0.057720014,0.04489473,0.11040392,0.064390394,0.023416125,0.01942796,0.07791293,0.057699827,0.045867452,0.031665931,0.073322469,0.022170536
Plate2,E9,N_21_4_AI,402.3,0.17,0.24,NA,83.07574048,1.112496522,0.940995493,1.469996529,1.48300958,0.040821351,0.047351077,0.042562899,0.087580379,0.033903453,0.019325295,0.020564038,0.042616004,0.048673179,0.056447012,0.044891633,0.08124693,0.02024969
Plate2,E10,N_22_4_AI,620.42,0.6,0.27,NA,111.6400925,1.018228748,1.034694265,1.254768549,1.477639598,0.047273921,0.055209402,0.05422102,0.137783686,0.084663679,0.038349116,0.026718868,0.091391991,0.057955727,0.061714098,0.060485196,0.090273711,0.02498243
Plate2,E11,N_23_4_AI,685.82,2.2,0.57,NA,180.0366362,0.665030539,0.909736497,1.178337035,1.694422758,0.065025216,0.060124878,0.090409198,0.256144,0.200420391,0.062038548,0.033855473,0.206583313,0.070921627,0.086980998,0.140795012,0.142183523,0.029056094
Plate2,E12,N_24_4_AI,646.71,1.11,0.48,NA,106.0747153,1.150392748,1.075721304,0.820492525,1.652607733,0.035356577,0.044600718,0.038769992,0.192626849,0.087055942,0.022212645,0.017822593,0.112138178,0.043907585,0.096066826,0.043267245,0.072631202,0.015339582
Plate2,F1,N_25_4_AI,611.47,0.29,0.13,NA,167.9694097,1.023795791,1.007248809,1.297414068,1.984954787,0.069337279,0.085875503,0.083879523,0.23812592,0.114649125,0.038698308,0.029500185,0.144708256,0.093108641,0.106872083,0.082871656,0.138681671,0.021780171
Plate2,F2,N_26_4_AI,911.39,0.73,0.45,NA,84.95372601,1.05247061,0.932582559,1.413248179,1.615574657,0.046293599,0.055465293,0.052700087,0.097501688,0.039922916,0.021394772,0.019382503,0.051817013,0.059675924,0.053770125,0.041476576,0.080105142,0.018687195
Plate2,F3,N_27_4_AI,1388.21,1.93,0.77,NA,218.6922555,0.963400642,1.042841807,0.615094673,1.334659596,0.070429384,0.082636607,0.085775952,0.429418478,0.204228083,0.058014479,0.036774275,0.264299991,0.083923066,0.200916202,0.075765254,0.121547645,0.039226083
Plate2,F4,N_28_4_AI,972.11,0.8,0.29,NA,137.7102656,1.007777692,0.918038254,0.699102354,1.191842266,0.041769509,0.046996503,0.0466338,0.219278954,0.107906333,0.027900926,0.024124564,0.141594543,0.047278595,0.098545895,0.043700535,0.074876683,0.028187626
Plate2,F5,N_29_4_AI,1414.71,4.33,1.15,NA,170.6970893,1.043148013,1.12340143,0.92945961,1.689413967,0.063337121,0.078437254,0.075192832,0.280292997,0.135919656,0.056040118,0.035253961,0.169533715,0.080877996,0.134389424,0.085383778,0.117861258,0.030289466
Plate2,F6,N_30_4_AI,594.22,0.49,0.77,NA,576.6989345,1.051595454,1.257330106,0.466299224,1.659125218,0.190742657,0.278894725,0.265211041,1.391156294,0.765103266,0.241155306,0.067917404,0.851437757,0.318225403,0.584859296,0.121193259,0.288039427,0.054092691
Plate2,F7,N_31_4_AI,564.54,0.39,0.23,NA,104.645129,1.214241541,1.04519112,1.740311111,1.694688025,0.055888358,0.070353424,0.057940222,0.118191061,0.064368785,0.004067242,0.02545191,0.053272325,0.07161404,0.073011434,0.061340915,0.084049774,0.021597825
Plate2,F8,N_32_4_AI,582.46,0.49,0.16,NA,72.34250217,1.132813343,1.006935625,0.801412588,1.603701829,0.031985814,0.038159257,0.033685388,0.089902732,0.076815812,0.020340684,0.015142136,0.072212182,0.040424719,0.040614244,0.03587236,0.063308255,0.013818525
Plate2,F9,Blank_Stained,4.7,0,0,NA,NA,NA,NA,NA,NA,NA,NA,NA,NA,NA,NA,NA,NA,NA,NA,NA,NA,NA
Plate2,F10,Blank,1.72,0.03,0,NA,NA,NA,NA,NA,NA,NA,NA,NA,NA,NA,NA,NA,NA,NA,NA,NA,NA,NA
Plate2,F11,Blank_Stained,2.28,0,0,NA,NA,NA,NA,NA,NA,NA,NA,NA,NA,NA,NA,NA,NA,NA,NA,NA,NA,NA
Plate2,F12,Blank,2.79,0.23,0,NA,NA,NA,NA,NA,NA,NA,NA,NA,NA,NA,NA,NA,NA,NA,NA,NA,NA,NA
Plate3,A1,D1_Ocean_1_AI,369.19,1.97,2.74,NA,66.55608558,1.167514152,0.915479944,0.71521646,1.59541618,0.028976434,0.034224703,0.029314166,0.071565669,0.06551725,0.035924353,0.014098994,0.074621915,0.035652392,0.02847832,0.033357564,0.06881078,0.012219164
Plate3,A2,D_1_1_AI,500.15,1.77,0.37,NA,201.4107065,0.867392635,1.094691622,0.544521593,1.394791305,0.050265862,0.05321074,0.061345621,0.432932525,0.240355227,0.110229281,0.028301534,0.293182636,0.054126522,0.199589305,0.080661239,0.110561092,0.028924154
Plate3,A3,D_2_1_AI,481.79,1.41,0.4,NA,97.61151563,1.249459067,1.09466935,0.767786376,1.620036188,0.034320764,0.043007505,0.034420899,0.119387905,0.11310695,0.043689881,0.017008783,0.093280049,0.0425656,0.060453113,0.041590677,0.091246535,0.014821216
Plate3,A4,D_3_1_AI,285.6,1.55,2.3,NA,179.7268047,1.167039469,1.001558436,0.382048052,1.119207801,0.042260036,0.050107297,0.042935392,0.385011205,0.315247864,0.090907485,0.023182176,0.303587885,0.050453335,0.152433231,0.043880434,0.099467422,0.025732516
Plate3,A5,D_4_1_AI,372.24,2.38,1.08,NA,99.12135088,1.116977556,0.996493375,0.715341715,1.484801272,0.033387948,0.038940516,0.034862398,0.157071891,0.102383654,0.01718002,0.016927761,0.100009691,0.039771683,0.082256608,0.039100728,0.070523119,0.016517502
Plate3,A6,D_5_1_AI,572.15,1.4,0.25,NA,96.86611846,1.104641763,0.875550831,1.425134649,1.733780732,0.046186772,0.056542075,0.051185893,0.110254542,0.07999075,0.028065744,0.021310942,0.068751694,0.060176135,0.053946725,0.054985959,0.096372463,0.0184805
Plate3,A7,D_6_1_AI,392.79,0.61,0.21,NA,97.51732916,1.086797787,0.93399541,0.891935477,1.673872105,0.040644333,0.046867956,0.043124817,0.099720242,0.12521361,0.023126368,0.020471848,0.096391612,0.050772893,0.037591611,0.049496392,0.092370193,0.017325109
Plate3,A8,D_7_1_AI,403.89,1.84,1.13,NA,74.77926977,1.090527587,0.874437221,0.756249861,1.624456861,0.031944682,0.03660779,0.033568881,0.094160236,0.10319393,0.039126694,0.012949345,0.091941144,0.041214004,0.028685635,0.032137791,0.075665362,0.012487156
Plate3,A9,D_8_1_AI,561.83,4.35,0.55,NA,193.0262661,1.022667483,1.070979357,0.545765039,1.846038433,0.055551278,0.067907612,0.066402436,0.52415025,0.201452813,0.070755659,0.023795069,0.207192638,0.067134292,0.333751889,0.061853236,0.101867415,0.019636024
Plate3,A10,D_9_1_AI,402.9,0.87,0.24,NA,89.08949315,1.359543435,0.958900226,0.814373673,1.661347344,0.038197504,0.051485513,0.037869708,0.091839548,0.137919183,0.047786588,0.018875904,0.110397484,0.051817203,0.021972857,0.044896107,0.105404368,0.015154642
Plate3,A11,D_10_1_AI,455.11,1.09,0.24,NA,121.5298223,1.205562091,1.289173143,0.785041741,1.84055526,0.04307618,0.058856615,0.048820891,0.201857322,0.105234711,0.05035852,0.020435241,0.131507415,0.059561751,0.094258017,0.046811697,0.094706301,0.015458595
Plate3,A12,D_11_1_AI,496.23,1.72,0.27,NA,292.7804222,0.865111177,0.974009804,0.391504745,1.150628075,0.068675291,0.071800276,0.082995432,0.796906956,0.406910998,0.172370945,0.037549889,0.470647137,0.072561151,0.416795441,0.092241026,0.124337139,0.044691832
Plate3,B1,D_12_1_AI,404.27,0.76,0.2,NA,289.6151134,1.895179516,0.813061651,0.253069286,1.357309542,0.099455003,0.119915437,0.06327392,0.785817878,0.53529607,0.20520612,0.032776385,0.595920223,0.102346523,0.321499607,0.049103709,0.122718509,0.030529874
Plate3,B2,D_13_1_AI,365.61,1.76,0.45,NA,77.11604325,1.036891233,0.801300964,0.716977978,1.746317077,0.033780646,0.03751672,0.036181924,0.090180732,0.138601062,0.037395334,0.014863431,0.105039353,0.043681712,0.021096702,0.039905782,0.070435046,0.012880102
Plate3,B3,D_14_1_AI,265.5,0.57,0.15,NA,248.5334936,0.787214201,0.919611788,0.45861599,1.655446988,0.054371282,0.053572644,0.068053452,0.67611247,0.372341873,0.152433997,0.030681553,0.442953481,0.052733668,0.304073031,0.102026335,0.119330057,0.02603703
Plate3,B4,D_15_1_AI,493.96,1.35,0.32,NA,161.3534315,1.434933974,0.79261153,0.431155109,1.037103822,0.053219744,0.060238774,0.041980172,0.312458128,0.25581657,0.057377559,0.024614369,0.243345577,0.056130982,0.118059735,0.036642664,0.080133005,0.027919208
Plate3,B5,D_16_1_AI,527.28,1.48,0.24,NA,136.0918727,1.171448651,1.296976553,0.573044964,1.824770171,0.041520774,0.056088754,0.047879823,0.23467993,0.133640764,0.050321757,0.016591486,0.163126439,0.058985819,0.108800147,0.039193231,0.086121804,0.013932157
Plate3,B6,D2_Ocean_1_AI,468.11,1.17,0.23,NA,72.61945789,1.202564171,1.001148991,1.591612035,1.687715704,0.032768344,0.039871765,0.033155624,0.072825714,0.04644702,0.023373655,0.015670099,0.042693406,0.040592249,0.040797542,0.039334783,0.0678698,0.013689734
Plate3,B7,D_17_1_AI,458.44,0.45,0.12,NA,117.6628468,1.254296874,0.978603341,0.673908602,1.749537771,0.045654791,0.055160068,0.043976884,0.178794535,0.184839574,0.04213755,0.018641281,0.161877072,0.057375859,0.050662796,0.044641059,0.092041184,0.016242698
Plate3,B8,D_18_1_AI,481.27,0.77,0.33,NA,112.0756632,1.137816093,0.99178517,1.043118796,1.639334872,0.04588296,0.054176154,0.047614157,0.148447119,0.161851008,0.049445638,0.02269895,0.133483823,0.05782373,0.048369757,0.06085675,0.103547358,0.018504904
Plate3,B9,D_19_1_AI,364.76,0.79,0.07,NA,97.57637012,1.085343464,1.002297266,0.698384858,1.666234836,0.041498862,0.048180876,0.044392285,0.116592656,0.180163817,0.042115326,0.024138535,0.144081984,0.053743835,0.022634585,0.053372315,0.09370032,0.01948424
Plate3,B10,D_20_1_AI,584.25,0.97,0.41,NA,129.123579,1.164177449,1.114500949,0.551220469,1.353471731,0.045666164,0.057005688,0.048966494,0.227198505,0.228673533,0.059810577,0.023318462,0.171553582,0.061877394,0.114138448,0.049335022,0.094915057,0.021963087
Plate3,B11,D_21_1_AI,469.38,0.43,0.08,NA,89.01417324,1.143004493,0.854227351,0.704612723,1.636008046,0.041637819,0.049681427,0.043465645,0.100950019,0.173932875,0.024643386,0.019874848,0.137431728,0.055102139,0.014805443,0.051270067,0.095321569,0.017020036
Plate3,B12,D_22_1_AI,566.26,1.37,0.23,NA,247.6079483,0.823915756,0.685968313,1.485114308,2.19486727,0.185776755,0.244044744,0.296201089,0.2313978,0.200838914,0.050687492,0.037436233,0.23085503,0.331631179,0.010409368,0.097451733,0.216177816,0.026640948
Plate3,C1,D_23_1_AI,553.87,1.01,0.52,NA,77.86018094,1.20921047,0.90711922,0.677640996,1.663728769,0.037136123,0.046789858,0.038694552,0.091537899,0.134394919,0.016930998,0.017820787,0.113645762,0.049249088,0.022447333,0.04343116,0.085920248,0.013953781
Plate3,C2,D_24_1_AI,553.01,0.88,0.4,NA,79.36466442,1.097192689,0.961556348,1.165095294,1.632096751,0.03406248,0.041249808,0.037595774,0.094926697,0.086721051,0.020614583,0.018226259,0.074564152,0.043467899,0.040354843,0.048037188,0.072505698,0.015794766
Plate3,C3,D_25_1_AI,470.16,0.77,0.68,NA,82.74936656,1.077439106,0.853515637,0.797001332,1.715219928,0.041271797,0.048223872,0.044757863,0.108597167,0.11144384,0.028875766,0.016440631,0.100249753,0.05383894,0.038644939,0.040069057,0.087411687,0.015026613
Plate3,C4,D_26_1_AI,543.1,0.92,0.36,NA,63.40206418,1.134550081,0.961339999,0.785043238,1.600281791,0.030291388,0.034700706,0.030585433,0.075136131,0.08162039,0.021467209,0.015432405,0.076559901,0.037623389,0.027699656,0.035903829,0.063736318,0.013477383
Plate3,C5,D_27_1_AI,458.39,0.77,0.28,NA,69.06700997,1.067007022,0.909626049,0.875503862,1.617233838,0.031053753,0.03499083,0.032793439,0.068343759,0.107784634,0.022859976,0.015786564,0.077392809,0.039492337,0.020453812,0.040126786,0.075179586,0.013338248
Plate3,C6,D_28_1_AI,543.68,1.5,0.47,NA,70.85794065,1.047824497,0.911594272,0.795669921,1.599604471,0.030793741,0.033762373,0.032221401,0.076804511,0.105279564,0.048414416,0.014241922,0.081142431,0.038383763,0.024026904,0.034905868,0.072948805,0.013518857
Plate3,C7,D_29_1_AI,788.57,2.15,0.51,NA,193.3434262,1.169314278,1.384056212,0.653536424,1.330151283,0.056240375,0.074540714,0.063747374,0.387008026,0.195978862,0.057926685,0.031742557,0.231129084,0.071192593,0.185370807,0.063890697,0.11285422,0.03193849
Plate3,C8,D_30_1_AI,512.19,0.55,0.31,NA,176.82527,1.460328933,0.603399421,1.005369014,1.923996303,0.107753918,0.143849696,0.098504996,0.263740716,0.22462511,0.058312393,0.030062316,0.128535218,0.140957655,0.177266875,0.082938007,0.252761389,0.023083911
Plate3,C9,D_31_1_AI,382.67,0.35,0.15,NA,80.59608603,1.078750833,0.940512379,0.957053908,1.713763655,0.038202965,0.04392609,0.040719403,0.100390935,0.110054328,0.032130311,0.019227327,0.082405909,0.046499364,0.049661245,0.052813382,0.090182879,0.015250195
Plate3,C10,D_32_1_AI,506.38,0.95,0.27,NA,68.47000551,1.222163765,0.960639681,0.918024557,1.602412844,0.0310392,0.037445608,0.030638781,0.08402496,0.046898186,0.022355527,0.014454105,0.056858633,0.036495606,0.045866809,0.035452723,0.071934542,0.013492806
Plate3,C11,D1_Ocean_4_AI,475.42,0.85,0.32,NA,186.266299,1.951505351,2.043933329,0.508144203,1.380590555,0.057821664,0.10450358,0.05355024,0.360543701,0.247527334,0.079432266,0.023466743,0.255356126,0.093510927,0.152732847,0.038383587,0.101243345,0.021626905
Plate3,C12,D_1_4_AI,866.44,1.53,0.36,NA,143.3579909,1.150214391,1.537078887,1.338117745,1.696504714,0.063185061,0.091030488,0.079142191,0.136332256,0.080655626,0.025194252,0.027610701,0.093884127,0.098694496,0.061992576,0.058705774,0.120476507,0.023428996
Plate3,D1,D_2_4_AI,562.31,0.69,0.25,NA,180.3661988,0.996928857,0.921358882,0.945956873,1.680109464,0.090564021,0.113489489,0.113839105,0.261625403,0.162461432,0.049177928,0.0295502,0.17985903,0.131505068,0.096774821,0.063292431,0.14331705,0.028020444
Plate3,D2,D_3_4_AI,572.52,0.65,0.16,NA,116.6102098,1.024503051,0.84217184,0.392654508,1.500947745,0.043954025,0.046891408,0.045769906,0.16643298,0.255132347,0.036654436,0.01932981,0.216323069,0.055029207,0.036572452,0.043498827,0.10759846,0.018324011
Plate3,D3,D_4_4_AI,563.95,0.65,0.32,NA,179.0597747,1.430095797,1.182260976,0.655345111,1.657017264,0.068588115,0.096009186,0.067134793,0.436967306,0.167580039,0.052972195,0.032940205,0.178512952,0.072290989,0.281839618,0.07398596,0.240279467,0.028051522
Plate3,D4,D_5_4_AI,885.69,0.44,0.32,NA,156.2117672,1.06903011,1.015681458,0.994282733,1.66967861,0.064218881,0.074848315,0.070015161,0.219847814,0.114758431,0.041503924,0.028988192,0.131377462,0.07681806,0.118496765,0.067743942,0.148841736,0.027142683
Plate3,D5,D_6_4_AI,485.8,0.15,0.09,NA,178.3215753,0.941817657,0.788313219,1.075338196,1.587847157,0.082593719,0.084772379,0.090009333,0.226772949,0.192838297,0.044633783,0.040489349,0.150214145,0.094844934,0.113598026,0.099954342,0.172408754,0.038555447
Plate3,D6,D_7_4_AI,640.16,1.48,0.32,NA,138.581498,1.219657635,1.133567078,0.874723756,1.46542817,0.056443067,0.069916767,0.057324912,0.269973263,0.084587949,0.039824424,0.023926509,0.110897474,0.058960899,0.155021838,0.058046674,0.155425501,0.02542796
Plate3,D7,D_8_4_AI,1333.27,6.37,0.41,NA,165.7808083,1.33109677,0.898170283,1.587027668,1.740918099,0.082100728,0.111381621,0.083676577,0.167189177,0.166464429,0.047594685,0.034647783,0.131367812,0.108194649,0.077206948,0.095891771,0.247621518,0.026767411
Plate3,D8,D_9_4_AI,896.79,0.39,0.2,NA,307.9983228,0.962899385,0.981227549,0.381760736,1.169883562,0.065515945,0.071773344,0.074538778,0.830830433,0.443066383,0.126612826,0.038792567,0.53257192,0.061857919,0.368016208,0.081464951,0.132583418,0.043510796
Plate3,D9,D_10_4_AI,510.25,0.72,0.21,NA,261.9428865,1.036514996,0.856969033,0.410859879,1.377487353,0.069773706,0.075413186,0.072756483,0.589453055,0.392969886,0.088636402,0.033332258,0.409863649,0.073543426,0.250059675,0.071312496,0.127688427,0.034043493
Plate3,D10,D_11_4_AI,497.03,0.65,0.15,NA,91.6194572,1.008582393,0.884678034,0.676248312,1.647746902,0.035983905,0.03862588,0.038297198,0.108309839,0.148138639,0.030877377,0.019237465,0.112533835,0.043643995,0.038740358,0.049731641,0.086457919,0.016141532
Plate3,D11,D_12_4_AI,485.36,0.71,0.09,NA,279.9857364,0.889992554,0.823062093,0.538391093,1.379872401,0.095034122,0.102353644,0.115005057,0.504656671,0.329476435,0.092916204,0.049735238,0.257128212,0.11587565,0.317999181,0.084133139,0.150279064,0.055333978
Plate3,D12,D_13_4_AI,456.26,3.85,0.08,NA,130.0390432,0.99797447,0.86648885,0.845332107,1.80583141,0.055217597,0.061454725,0.061579457,0.171946059,0.20371509,0.025005299,0.029021355,0.154879245,0.068004647,0.065876959,0.080069066,0.125735269,0.023154155
Plate3,E1,D_14_4_AI,919.97,1.01,0.09,NA,147.3104342,0.872773051,0.867849614,1.182497185,2.04208731,0.063920939,0.068020346,0.077935892,0.203417375,0.182589091,0.034462878,0.039030049,0.145949839,0.073162685,0.095194201,0.114889451,0.146568362,0.02635358
Plate3,E2,D_15_4_AI,643.68,1.08,0.21,NA,108.2858229,1.122866624,0.825350373,0.940259595,1.609330505,0.051636819,0.056414484,0.050241483,0.143698145,0.08628642,0.040298942,0.022960651,0.089616973,0.05663551,0.082142031,0.050094915,0.09222222,0.023005627
Plate3,E3,D_16_4_AI,617,0.89,0.21,NA,74.52632146,1.077313944,0.82167353,0.857271308,1.640784799,0.034541052,0.037657495,0.034954987,0.085314472,0.090911358,0.036718599,0.016273857,0.070213423,0.040401263,0.042264314,0.04035479,0.070062386,0.015487962
Plate3,E4,D2_Ocean_4_AI,499.61,0.68,0.24,NA,82.31863175,1.031145317,0.956854502,1.414475507,1.614653245,0.034941428,0.039944725,0.038738211,0.083848378,0.060787436,0.019552392,0.01815943,0.057585555,0.042066827,0.040448473,0.048468192,0.073164343,0.01666968
Plate3,E5,D_17_4_AI,422,0.17,0.12,NA,313.0344381,0.988413551,0.878996132,0.925382236,1.705776273,0.112808183,0.124337446,0.125794963,0.54547932,0.350906089,0.108429986,0.080594405,0.368721799,0.119007223,0.238243199,0.21861719,0.219866878,0.054353026
Plate3,E6,D_18_4_AI,540.12,0.32,0.27,NA,144.8838317,1.057998594,0.927520355,1.31343068,1.727877069,0.059383457,0.069924081,0.066090901,0.19266656,0.167037581,0.036971772,0.029327992,0.148075129,0.074939874,0.080574295,0.091662175,0.139262085,0.022867414
Plate3,E7,D_19_4_AI,277.46,0.13,0.08,NA,165.262188,0.962301614,0.891694943,0.926544349,1.61742216,0.06364104,0.06711726,0.069746594,0.228016039,0.199169699,0.033379772,0.046839314,0.159481153,0.068798751,0.104313514,0.096491837,0.125067667,0.039099949
Plate3,E8,D_20_4_AI,734.78,0.64,0.23,NA,121.6647259,1.033271563,0.934990327,0.978737776,1.768849901,0.060482768,0.072376229,0.070045699,0.137346868,0.137295344,0.03261988,0.023486284,0.116863754,0.082518107,0.055862929,0.060796697,0.114562607,0.020638623
Plate3,E9,D_21_4_AI,539.89,0.19,0.11,NA,228.0183038,1.11330072,0.861981958,0.851583209,1.719456269,0.100438584,0.112211991,0.100792166,0.306616279,0.252034148,0.069196321,0.04841937,0.250516128,0.114243567,0.11587291,0.11668826,0.192334461,0.041729281
Plate3,E10,D_22_4_AI,719.99,0.71,0.24,NA,133.2213876,0.994222132,0.862225237,1.04202638,1.619927397,0.061927998,0.067095364,0.067485285,0.188368953,0.085623704,0.02514473,0.03022554,0.115840398,0.070334801,0.095761705,0.069016215,0.116121872,0.029029645
Plate3,E11,D_23_4_AI,734.37,0.69,0.41,NA,513.9489467,0.833481378,1.187519707,0.90775141,2.033256401,0.157548344,0.178967595,0.214722968,1.264260555,0.626997069,0.200159552,0.142665904,0.736805841,0.154541411,0.554981171,0.412968714,0.402157727,0.072375493
Plate3,E12,D_24_4_AI,622.23,0.68,0.28,NA,96.73843621,1.029725011,0.805781381,0.885959004,0.889599854,0.04341877,0.046982639,0.045626394,0.14394006,0.103451226,0.022255727,0.018976502,0.099348712,0.051134166,0.070306845,0.048593333,0.079292666,0.018805039
Plate3,F1,D_25_4_AI,546.61,0.28,0.12,NA,138.0161499,1.085773211,0.889603188,0.79668834,1.819819666,0.063398168,0.075103989,0.069170972,0.183927844,0.244008938,0.05198622,0.033286606,0.180696035,0.082745906,0.06722235,0.087089678,0.154400546,0.024527401
Plate3,F2,D_26_4_AI,485.1,0.28,0.16,NA,152.731362,0.940160037,0.9319037,1.265718069,1.736089231,0.077879435,0.086288599,0.091780756,0.18753213,0.128162311,0.03330636,0.038995356,0.128687734,0.094085709,0.085253164,0.093987727,0.137295392,0.032979856
Plate3,F3,D_27_4_AI,489.77,0.39,0.12,NA,170.9655243,1.272285414,0.844014707,0.784224389,1.710704041,0.081477881,0.095365655,0.074956181,0.266048624,0.133514557,0.047705483,0.02563,0.177508747,0.092895828,0.109583489,0.053468519,0.116099234,0.025265353
Plate3,F4,D_28_4_AI,764.28,0.57,0.33,NA,130.3150177,0.940906383,0.816892965,1.257185713,1.653127587,0.063651297,0.066484642,0.070660209,0.136269862,0.162517075,0.031416962,0.029533202,0.12331547,0.078695128,0.045491318,0.07506494,0.134413982,0.027176472
Plate3,F5,D_29_4_AI,1531.19,1.21,0.43,NA,165.2518342,1.018738091,0.865155396,1.246658705,1.730338109,0.075286828,0.085799928,0.084221772,0.203304801,0.212293164,0.031504194,0.035082162,0.169599563,0.09617626,0.076759293,0.093436115,0.178186419,0.028852298
Plate3,F6,D_30_4_AI,486.29,0.23,0.25,NA,158.5156878,1.04441482,0.868588913,1.249031071,1.735760374,0.075694161,0.085173489,0.081551398,0.211408268,0.146737909,0.042378442,0.04333192,0.12198092,0.087338591,0.122987943,0.112662445,0.163656958,0.032883915
Plate3,F7,D_31_4_AI,451.14,0.2,0.21,NA,283.3396696,1.074297841,0.851399389,0.694527452,1.584424847,0.103667801,0.12056281,0.112224753,0.535410948,0.268812722,0.095873906,0.042508415,0.287167372,0.120588995,0.289833425,0.100127597,0.187338936,0.040697949
Plate3,F8,D_32_4_AI,523.67,0.55,0.13,NA,74.05131857,1.051507018,0.874685414,0.79426182,1.571872058,0.033347444,0.036797859,0.034995353,0.087548722,0.098004838,0.01456034,0.015446909,0.080022733,0.04180293,0.036953166,0.036550439,0.068055149,0.014523854
Plate3,F9,stained blank,5.18,0,0,NA,NA,NA,NA,NA,NA,NA,NA,NA,NA,NA,NA,NA,NA,NA,NA,NA,NA,NA
Plate3,F10,blank,1.59,0.11,0,NA,NA,NA,NA,NA,NA,NA,NA,NA,NA,NA,NA,NA,NA,NA,NA,NA,NA,NA
Plate3,F11,stained blank,2.69,0,0,NA,NA,NA,NA,NA,NA,NA,NA,NA,NA,NA,NA,NA,NA,NA,NA,NA,NA,NA
Plate3,F12,blank,2.34,0.17,0,NA,NA,NA,NA,NA,NA,NA,NA,NA,NA,NA,NA,NA,NA,NA,NA,NA,NA,NA
Plate4,A1,D1_Ocean_1_BC,761.49,1.17,1.83,NA,105.7560217,1.335136477,1.163542383,0.664352912,1.591922725,0.033758951,0.042722806,0.031998831,0.177963479,0.101505667,0.055506103,0.012884093,0.112459288,0.041410998,0.084874397,0.026939885,0.069969587,0.012399475
Plate4,A2,D_1_1_BC,777.42,2.01,0.36,NA,141.2810143,1.24225423,1.123010385,0.398228951,1.050466629,0.042776194,0.051800318,0.041698645,0.218977524,0.336566059,0.089651264,0.022052777,0.253726745,0.056858153,0.034481577,0.028900408,0.090502329,0.026940536
Plate4,A3,D_2_1_BC,750.45,0.83,0.4,NA,117.3740945,1.190824634,1.193124429,0.758800519,1.541526114,0.047294927,0.061324968,0.0514979,0.133192508,0.215009003,0.061031071,0.025015886,0.166009514,0.068234393,0.018698331,0.056952219,0.098856966,0.020489338
Plate4,A4,D_3_1_BC,805.11,1.01,0.37,NA,122.325935,1.247830879,1.255948451,0.654877262,1.69178157,0.046485777,0.061720457,0.049462198,0.157055702,0.157692547,0.057246784,0.019326421,0.147909977,0.065672929,0.053340388,0.039045929,0.096691667,0.017225556
Plate4,A5,D_4_1_BC,756.37,0.87,0.52,NA,86.60584933,1.13519049,0.916586307,1.460415586,1.602482052,0.041977611,0.047061742,0.041457132,0.075167968,0.062281703,0.009810572,0.019261906,0.045944262,0.049153691,0.042478031,0.040343775,0.080503914,0.019075816
Plate4,A6,D_5_1_BC,744.92,0.28,0.32,NA,113.5816378,0.998011301,0.893500653,0.687359142,1.692466434,0.050150393,0.055234741,0.055344805,0.112299347,0.276233305,0.0492791,0.025444721,0.178777812,0.066428647,0,0.06112328,0.114020551,0.021342068
Plate4,A7,D_6_1_BC,588.77,0.48,0.25,NA,178.0556295,1.05436088,0.887357578,0.966548447,1.613011271,0.082056426,0.090958512,0.08626886,0.206996567,0.2215176,0.056608849,0.034435247,0.179020843,0.101922257,0.071352113,0.081398461,0.145603667,0.034419111
Plate4,A8,D_7_1_BC,653.51,0.72,0.61,NA,81.41652344,0.994156181,0.983295767,2.292653971,1.78973923,0.041816074,0.047556251,0.047835795,0.053026374,0.042780055,0.022943437,0.022424335,0.034940245,0.051745903,0.030418598,0.060940739,0.090950387,0.018070743
Plate4,A9,D_8_1_BC,1112.81,1,0.76,NA,138.0596619,1.083144913,1.136376671,0.934799043,1.672745358,0.062096295,0.076188642,0.070340211,0.150212328,0.256670348,0.040797677,0.025837691,0.182179801,0.089490372,0.018269627,0.062055038,0.125753285,0.023527396
Plate4,A10,D_9_1_BC,594.85,0.48,0.12,NA,224.3899712,1.235262203,0.972418138,0.395555598,0.996660779,0.056716006,0.066976397,0.054220389,0.444897879,0.348308845,0.107087879,0.029607993,0.317936924,0.064176415,0.196664771,0.046064816,0.109254001,0.037423243
Plate4,A11,D_10_1_BC,595.18,0.67,0.11,NA,83.76498906,1.124635416,0.937513051,1.145686865,1.579044948,0.036453157,0.040860781,0.036332469,0.114226286,0.06370099,0.01592748,0.017691962,0.067325326,0.042437964,0.056462819,0.03744711,0.070766978,0.016660991
Plate4,A12,D_11_1_BC,451.76,0.23,0.03,NA,120.4979674,0.966321178,1.052164773,1.0594286,1.546541692,0.045106769,0.052608769,0.054442322,0.142060914,0.157228868,0.051649772,0.029332758,0.124753221,0.058018814,0.049610261,0.070198231,0.100175795,0.024931903
Plate4,B1,D_12_1_BC,515.79,0.51,0.15,NA,NA,NA,NA,NA,NA,NA,NA,NA,NA,NA,NA,NA,NA,NA,NA,NA,NA,NA
Plate4,B2,D_13_1_BC,490.66,0.24,0.03,NA,123.2741256,1.188867401,1.285086985,0.453509577,1.730084138,0.045211436,0.059351034,0.049922333,0.1611518,0.402844519,0.065141412,0.022787728,0.255626245,0.069612739,0,0.051131567,0.098366407,0.016504468
Plate4,B3,D_14_1_BC,579.98,0.35,0.39,NA,332.9119823,2.023649537,2.258173189,0.486185937,1.195506269,0.09142669,0.185408295,0.091620753,0.660624442,0.532907569,0.1425301,0.043758386,0.436572517,0.171888216,0.319407258,0.063489715,0.185584713,0.04330508
Plate4,B4,D_15_1_BC,623.41,0.43,0.05,NA,204.5340136,1.075455186,1.146103711,0.642774618,1.454372631,0.06710911,0.086316216,0.08026017,0.336402519,0.39618107,0.099958957,0.050810897,0.331226653,0.092823624,0.085676163,0.101321495,0.145835068,0.040119574
Plate4,B5,D_16_1_BC,483.36,0.23,0.35,NA,447.5425549,1.185836673,0.796275483,0.490730688,1.38292327,0.182563634,0.204872943,0.172766577,1.066492,0.602755848,0.196117743,0.076752799,0.609721589,0.194935746,0.538450893,0.150243531,0.207840373,0.074591728
Plate4,B6,D2_Ocean_1_BC,1019.33,2.12,0.15,NA,58.95656119,0.995740589,0.9326438,1.25353873,1.685302909,0.028286027,0.031432033,0.031566488,0.056478091,0.063785175,0.022195501,0.015601736,0.05138373,0.034681296,0.023484342,0.041232077,0.05241956,0.013066565
Plate4,B7,D_17_1_BC,549.59,0.59,0.01,NA,68.60794714,1.1817064,0.886039245,1.321407126,1.626005937,0.034651144,0.03954255,0.033462246,0.07619198,0.045121303,0.025377556,0.016241143,0.042012339,0.04010662,0.047646247,0.037301512,0.069573849,0.015955576
Plate4,B8,D_18_1_BC,914.33,1.89,0.05,NA,72.83327798,1.088337184,0.89778909,3.635152354,1.722221392,0.033628115,0.039005565,0.035839596,0.058958539,0.045299703,0.01649419,0.016160898,0.038108019,0.041149357,0.031326973,0.063323498,0.10136784,0.012048142
Plate4,B9,D_19_1_BC,621.53,0.77,0.01,NA,62.69085479,1.133005646,0.992933081,1.352747609,1.551371568,0.029306947,0.032937351,0.029070774,0.059750629,0.041938735,0.025508411,0.014467406,0.039069535,0.034641325,0.032866941,0.032229179,0.065762915,0.014071728
Plate4,B10,D_20_1_BC,920.83,2.07,0.13,NA,66.30657462,1.007191012,0.904788781,1.392987108,1.594370532,0.03387575,0.037362178,0.037095425,0.055633769,0.083026352,0.017686264,0.01681418,0.058129645,0.042295071,0.015403254,0.04331914,0.074697796,0.015254756
Plate4,B11,D_21_1_BC,786.56,1.28,0.07,NA,95.74898882,1.049215343,0.860833969,1.069375412,1.563459567,0.043711096,0.047600529,0.04536774,0.110525705,0.115279906,0.049745548,0.022004334,0.091301472,0.050853638,0.046184963,0.055013898,0.095321365,0.020090472
Plate4,B12,D_22_1_BC,1081.2,2.36,0.16,NA,82.01818775,1.171053018,0.916658003,1.589655371,1.607711423,0.042576959,0.048436601,0.041361579,0.079869389,0.086173929,0.014098162,0.018771203,0.06137284,0.050126951,0.033789495,0.047454776,0.09509994,0.017874744
Plate4,C1,D_23_1_BC,727.96,1.25,0.03,NA,78.09505593,1.023662518,0.975876182,1.220315809,1.681556344,0.03500481,0.038595417,0.037703263,0.075391793,0.107000103,0.035548338,0.019010933,0.075095524,0.043049942,0.020211885,0.049990454,0.07564634,0.016233576
Plate4,C2,D_24_1_BC,622.72,0.91,0.03,NA,83.00218068,1.080870672,0.973158776,1.129186228,1.678990914,0.034832293,0.040338911,0.037320756,0.082161105,0.071170332,0.031354942,0.018846842,0.060551605,0.04169924,0.046423977,0.052135743,0.080796845,0.016330732
Plate4,C3,D_25_1_BC,639.04,1.23,0.16,NA,78.77135788,1.1346921,0.949617915,1.094538832,1.625577651,0.034560751,0.040616685,0.035795336,0.096216523,0.071820634,0.03196396,0.017896736,0.067859319,0.042011082,0.045423356,0.043485848,0.074475869,0.015990815
Plate4,C4,D_26_1_BC,1086.22,5.26,0.68,NA,90.18429273,1.052267823,0.939460866,1.033368524,1.687477288,0.039340794,0.044160594,0.041967067,0.096199845,0.108356932,0.027919906,0.02004444,0.090137546,0.047338403,0.031419733,0.051556428,0.087064625,0.018634396
Plate4,C5,D_27_1_BC,923.63,2.36,0.45,NA,78.06404437,1.032967565,0.933833338,1.172671901,1.647968057,0.036369556,0.040781709,0.039480145,0.073382017,0.10389268,0.024533329,0.020296202,0.078242256,0.043860088,0.01961322,0.054344956,0.079558924,0.016871152
Plate4,C6,D_28_1_BC,1047.71,1.84,0.4,NA,85.05255407,1.096943931,0.926921361,1.608776755,1.699188102,0.037655224,0.042326136,0.038585505,0.064454649,0.043275128,0.010682505,0.018965836,0.043961988,0.042812443,0.034267868,0.048186399,0.079368662,0.017660062
Plate4,C7,D_29_1_BC,1010.82,1.6,0.37,NA,101.6709952,0.979434769,0.897062767,1.330905351,1.677219346,0.047685588,0.050986928,0.052057502,0.089531129,0.111441071,0.031760796,0.025219784,0.082142759,0.056773283,0.032592617,0.06696106,0.105674201,0.021728983
Plate4,C8,D_30_1_BC,537.79,1.07,0.16,NA,96.2453631,1.051095079,0.96919959,1.174251224,1.749348596,0.044275104,0.050392122,0.047942496,0.113914827,0.107045003,0.021006638,0.023192072,0.091377967,0.05368342,0.045695836,0.061421894,0.095320241,0.018576653
Plate4,C9,D_31_1_BC,480.25,1.37,0.15,NA,89.43662528,1.124258073,1.025524628,1.041917554,1.723111808,0.038143561,0.046584999,0.041436215,0.096072613,0.099617902,0.0188348,0.019815412,0.084559063,0.04933107,0.036356857,0.046665049,0.085938299,0.016615264
Plate4,C10,D_32_1_BC,541.08,1.49,0.08,NA,83.80764472,1.131546861,0.889190858,0.952086319,1.70196642,0.036243658,0.042144095,0.037244675,0.092861246,0.129410122,0.036452836,0.01984731,0.093689967,0.044325372,0.028242744,0.051402442,0.080803777,0.016533578
Plate4,C11,D2_Ocean_5_BC,760.33,2.77,0.92,NA,91.97376577,1.16951533,0.959703014,0.878806206,1.583864555,0.031945959,0.037996236,0.032488874,0.131807327,0.080489878,0.002870565,0.014655849,0.077537753,0.03678551,0.06429015,0.031880441,0.060851464,0.014303304
Plate4,C12,D_1_5_BC,698.19,0.44,0.25,NA,153.6859406,1.082278196,0.877355505,1.029458593,1.651344912,0.072955471,0.083613644,0.077257071,0.148004219,0.235256276,0.044804681,0.039673257,0.167571528,0.090709095,0.032334152,0.093842804,0.155052984,0.032465532
Plate4,D1,D_2_5_BC,725.26,0.32,0.03,NA,NA,NA,NA,NA,NA,NA,NA,NA,NA,NA,NA,NA,NA,NA,NA,NA,NA,NA
Plate4,D2,D_3_5_BC,835.87,0.16,0.13,NA,154.5273625,1.050189148,0.972059316,0.742954215,1.632033887,0.067385786,0.077428039,0.073727708,0.166679675,0.424239246,0.048292818,0.035569724,0.249312069,0.09013559,0,0.086268796,0.138277559,0.029650175
Plate4,D3,D_4_5_BC,523.03,0.12,0.2,NA,251.7125631,0.98811943,0.816416926,0.838896731,1.608170696,0.111330392,0.121103317,0.122559392,0.251403742,0.630012226,0.087151231,0.067708119,0.377777107,0.138732792,0,0.167252324,0.234561387,0.054398823
Plate4,D4,D_5_5_BC,803.51,0.39,0.19,NA,273.9611001,1.053552102,0.872266795,1.849878576,1.733440667,0.162290796,0.185403032,0.175978988,0.260183893,0.231471157,0.03492679,0.064673047,0.198776086,0.201908192,0.096182961,0.17249413,0.30283342,0.059634305
Plate4,D5,D_6_5_BC,491.28,0.27,0.43,NA,365.0839087,1.081459533,0.890123173,1.673740065,1.681681263,0.208142535,0.2390671,0.221059681,0.368794644,0.311174382,0.054869245,0.093566557,0.278847761,0.254910489,0.135816311,0.229459151,0.366909474,0.082556465
Plate4,D6,D_7_5_BC,926.39,0.91,0.45,NA,250.2933131,1.157853473,0.959935559,0.531095072,1.48108546,0.08855053,0.107160863,0.092551316,0.418392095,0.530559691,0.078466132,0.038033135,0.419992029,0.115205437,0.087206661,0.077650354,0.168664349,0.037739077
Plate4,D7,D_8_5_BC,873.43,0.44,0.32,NA,237.8313467,1.103842683,0.783139428,2.258969026,1.604712412,0.140401457,0.156055476,0.141374744,0.203037141,0.123156192,0.025830621,0.060966337,0.115222886,0.163988597,0.100321186,0.132470253,0.247136112,0.059488097
Plate4,D8,D_9_5_BC,454.8,0.6,0.19,NA,186.5582645,0.917742769,0.834161238,1.544192373,1.76254814,0.095050413,0.098870836,0.107732624,0.180949934,0.158182889,0.038302541,0.053603838,0.126798652,0.108673204,0.086472179,0.135911016,0.178464691,0.044400894
Plate4,D9,D_10_5_BC,445.41,0.55,0.2,NA,434.2950517,1.136159021,0.997224052,0.566215492,1.406785968,0.131848707,0.150202957,0.132202406,0.92081686,0.502081927,0.151290386,0.077938817,0.555643674,0.135988958,0.436373405,0.155843783,0.242917516,0.075664379
Plate4,D10,D_11_5_BC,326.17,0.92,0.09,NA,128.237627,1.018876603,0.896388896,1.864363945,1.657080001,0.066436798,0.073561109,0.072198251,0.126371102,0.088399845,0.009825575,0.032768698,0.07012682,0.078633187,0.06956744,0.082445566,0.125757493,0.029289748
Plate4,D11,D_12_5_BC,516.91,1.21,0.25,NA,662.3027151,0.952635877,1.56067174,1.594197717,1.899548496,0.221935717,0.282582444,0.296632166,0.767228541,0.951869773,0.209415936,0.242598317,0.797738186,0.291147613,0.102484374,0.7104857,0.523776126,0.104477386
Plate4,D12,D_13_5_BC,294.99,0.51,0.04,NA,790.9514965,1.086283194,1.266586163,0.793972723,1.653160299,0.256432572,0.320299946,0.294858604,1.617145153,1.260467882,0.320070667,0.196325918,1.146476491,0.315640319,0.570744256,0.497924121,0.46009339,0.117462199
Plate4,E1,D_14_5_BC,431.87,0.72,0.76,NA,NA,NA,NA,NA,NA,NA,NA,NA,NA,NA,NA,NA,NA,NA,NA,NA,NA,NA
Plate4,E2,D_15_5_BC,720.75,1,1.08,NA,387.449078,0.84712278,0.786866486,0.444320387,1.280636734,0.112767578,0.134993599,0.159355412,0.687527906,0.840186818,0.150829351,0.069333246,0.672426495,0.15755629,0.149360941,0.110628181,0.210871065,0.073135102
Plate4,E3,D_16_5_BC,341.38,0.45,0.21,NA,280.9076426,1.023820255,0.966212381,1.622993821,1.658347227,0.113534885,0.130162304,0.127133941,0.306216099,0.183233143,0.056124697,0.075720673,0.20336754,0.12817536,0.130928338,0.17814534,0.216754842,0.060181297
Plate4,E4,D1_Ocean_5_BC,677.13,0.15,1.09,NA,51.07295833,0.960126619,0.850849999,1.490476291,1.771296117,0.024889881,0.026973718,0.028093917,0.030328043,0.040169804,0.001216182,0.011509438,0.039900124,0.02967517,0.004004057,0.036874172,0.054262027,0.010556975
Plate4,E5,D_17_5_BC,203.19,0.64,0.12,NA,665.6456973,1.100676389,0.471442929,0.572038597,1.608350763,0.35729439,0.402818684,0.365973766,1.47336431,0.612647461,0.211746315,0.077662264,0.574223581,0.432373947,0.967507797,0.207296967,0.346712206,0.090279799
Plate4,E6,D_18_5_BC,569.61,0.39,0.17,NA,199.9282332,1.012093954,0.839642494,0.849618761,1.46156702,0.075428394,0.085253789,0.084235054,0.315462409,0.195659385,0.05849409,0.03646293,0.196980716,0.089249581,0.144370963,0.073336276,0.133529406,0.037682356
Plate4,E7,D_19_5_BC,237.3,0.59,0.09,NA,166.3922666,0.980692199,0.965358185,1.324635957,1.694951603,0.066641061,0.074230432,0.075691876,0.223473025,0.132262073,0.038239468,0.042367519,0.117430855,0.075519725,0.128509176,0.106076677,0.140397218,0.035010349
Plate4,E8,D_20_5_BC,537.99,0.67,0.43,NA,194.9245602,1.279375599,0.98098192,0.858291297,1.269768612,0.077834894,0.094384341,0.073773754,0.272482838,0.155166778,0.062576998,0.036875262,0.181078986,0.091559561,0.124008705,0.06058014,0.133799278,0.041232376
Plate4,E9,D_21_5_BC,395.23,0.4,0.13,NA,305.4485227,1.119865988,1.105383532,1.540713961,1.78492887,0.165829767,0.213955392,0.19105446,0.32677126,0.252391752,0.059265504,0.07332912,0.237922643,0.23361324,0.128250774,0.173341518,0.295704815,0.059201208
Plate4,E10,D_22_5_BC,677.8,0.67,0.53,NA,357.2308951,1.083914268,1.088493851,1.341266263,1.868130622,0.174569227,0.209997738,0.193740173,0.450954667,0.217874543,0.092850215,0.075086879,0.241097768,0.220153006,0.241848703,0.199600422,0.296374766,0.064105475
Plate4,E11,D_23_5_BC,387.75,11.5,0.93,NA,316.6112302,1.021788524,0.81221954,0.770378856,1.704094495,0.111132896,0.126950619,0.124243536,0.606691987,0.505374316,0.141899515,0.063186671,0.46335601,0.128873652,0.216598937,0.161976465,0.24186255,0.05156386
Plate4,E12,D_24_5_BC,263.83,21.88,0.4,NA,428.1241051,0.74067422,0.80630475,1.308392626,1.389946124,0.16580671,0.147889725,0.199669059,0.690725945,0.274454839,0.10822607,0.088389651,0.295749882,0.169215591,0.411182796,0.279952344,0.251270451,0.109027126
Plate4,F1,D_25_5_BC,433.39,2.91,2.72,NA,181.7424723,1.252646954,1.18323809,1.281993803,1.762253606,0.080891874,0.110983617,0.088599279,0.191251521,0.104749899,0.043270491,0.030284645,0.116459932,0.117934179,0.088896738,0.061981677,0.146492875,0.027043325
Plate4,F2,D_26_5_BC,1341.97,3.86,1.52,labeled time point 1 but in time point 5 grouping,247.5591791,1.03063337,0.560968134,2.175122113,2.235070757,0.21330506,0.206355586,0.200222108,0.21567351,0.13787607,0.059127197,0.067372003,0.209870108,0.204377146,0.007403904,0.187665809,0.217692764,0.048173886
Plate4,F3,D_27_5_BC,879.75,69.78,2.65,NA,891.0610034,1.465862993,1.24368067,1.373206019,1.853151762,0.443928127,0.550391445,0.375472638,1.427800428,0.901744847,0.262887139,0.173100607,0.50235574,0.582608741,1.056895044,0.621019994,0.799848491,0.101299369
Plate4,F4,D_28_5_BC,1251.33,3.01,1.12,NA,162.7101679,1.319981318,0.689780073,0.898918683,1.216241042,0.081924398,0.089678957,0.067939566,0.213367883,0.114252942,0.043662527,0.031068809,0.127434972,0.084586558,0.102279642,0.050883597,0.099077818,0.038071728
Plate4,F5,D_29_5_BC,639.28,92.15,5.61,NA,205.3035021,1.062610915,0.885349,1.557744669,1.686729349,0.094279661,0.109413472,0.102966637,0.190468267,0.117354208,0.064635169,0.046490857,0.123910727,0.115849562,0.083865424,0.096124151,0.177414331,0.043814762
Plate4,F6,D_30_5_BC,312.02,0.48,0.21,NA,191.6766609,1.081563293,0.930250602,1.558926484,1.682702493,0.096990851,0.108491301,0.100309711,0.214685328,0.136511532,0.044945489,0.050326859,0.122119495,0.112361389,0.111139649,0.117253438,0.180399975,0.043029439
Plate4,F7,D_31_5_BC,180.76,14.99,1.03,NA,141.2530124,1.002848835,0.879305547,1.235375841,1.730610239,0.069375265,0.074969664,0.074756695,0.168231696,0.115723015,0.030302531,0.036801742,0.108737604,0.080596043,0.086436676,0.091263111,0.140879176,0.030578327
Plate4,F8,D_32_5_BC,281.94,5.92,0.39,NA,204.8455673,0.860256768,1.000729946,1.580483522,1.518681944,0.070610915,0.077664518,0.090280624,0.234883129,0.141498029,0.035719185,0.054900655,0.143132106,0.082271603,0.113856359,0.131468718,0.150392892,0.046542721
Plate4,F9,Blank_Stained,3.32,0.33,0,NA,NA,NA,NA,NA,NA,NA,NA,NA,NA,NA,NA,NA,NA,NA,NA,NA,NA,NA
Plate4,F10,Blank_Stained,2.27,0.27,0,NA,NA,NA,NA,NA,NA,NA,NA,NA,NA,NA,NA,NA,NA,NA,NA,NA,NA,NA
Plate4,G1,Blank,0.79,0.17,0,NA,NA,NA,NA,NA,NA,NA,NA,NA,NA,NA,NA,NA,NA,NA,NA,NA,NA,NA
Plate4,G2,Blank,1.09,0.25,0,NA,NA,NA,NA,NA,NA,NA,NA,NA,NA,NA,NA,NA,NA,NA,NA,NA,NA,NA
