PoolID,Foundation_spp,Removal_Control,Before_After,Rock,Sand,Bleached.CCA,Mytilus.californianus,Phyllospadix.spp,Diatoms,Crustose.coralline,Algae.film,Turf.algae,Noncoralline.crust,Bosiella.spp,Calliarthron.tuberculosum,Corallina.vancouveriensis,Corallina.spp,Acrosiphonia.coalita,Analipus.japonicus,Chaetomorpha.linum,Centroceras.Ceramium,Cladophora.columbiana,Cryptosiphonia.wooddii,Costaria.costata,Cumagloia.andersonii,Erythrophyllum.delessrioides,Endocladia.muricata,Fucus.gardneri,Halosaccion.glandiforme,Pyropia.spp,Polysiphonia.spp,Ptilota.spp,Cryptopluera.spp,Odonthalia.floccosa,Microcladia.borealis,Mazzaella.splendens,Mazzaella.flaccida,Mazzaella.oregona,Neorhodomela.larix,Odanthalia.washingtoniensis,Scytosiphon.lomentaria,Osmundea.spectabilis,Ulva.spp,Plocamium.pacificum,Smithura.naiadum,Mastocarpus,Farlowia.mollis,Savoiea.robusta,Palmaria.hecatensis,Melobesia.mediocris,Leathesia.marina,Callithamnion.pikeanum,Laminara.setchellii,Schizymenia.pacifica,Chthamalus,Semibalanus.cariosus,Balanus.nibulis,Balanus.glandula,Pollicipes.polymerus,tube.worm,Ophlitaspongia.pennata,Halichondria,Haliclona.permollis,Anthropluera.elegantissima,Anthropluera.xanthogrammica,Urticina.coriacea,Epiactis.prolifera,Anthopleura.artemisia,Stylantheca.spp,MusselCover,SurfgrassCover
1,Phyllospadix,Control,Before,0,10.702818408847664,0,0,46.93384072620605,0.9910017045229319,12.288421136084356,0,0.15856027272366907,1.593530740872874,6.8577317952986885,0.901811551115868,0.5450509374876126,1.0901018749752251,0,0,0,1.9820034090458638,0.0059460102271375916,0.07928013636183454,0.029730051135687958,0,0,0,0,0,0,0,0,0,4.162207158996313,2.4775042613073293,0,0.009910017045229317,0,0,0,0,0,0.0019820034090458636,0.15063225908748562,6.8577317952986885,0,0.0019820034090458636,0,0,0.43604074999009,0,0.901811551115868,0,0,0,0,0,0,0,0.009910017045229317,0.007928013636183454,0,0,0,0.7531612954374282,0,0.06937011931660524,0,0,0,65.59556786703601
2,Phyllospadix,Removal,Before,6.903216899074969,4.970316167333977,0,0,56.60637857241475,0,9.222697777164157,0,0,1.104514703851995,9.940632334667955,6.8479911638823685,0,0.16567720557779925,0,0,0,0,0,0,0,0,0,0,0,0.011045147038519951,0,0,0,0,0.5522573519259975,0.3313544111555985,0.44180588154079803,0,0,0.027612867596299877,0,0,0.055225735192599754,0.38658014634819826,0.11045147038519951,0.5522573519259975,0,0,0,0,0,0,0,0,0,0.0027612867596299878,0,0,0,0,0,0,0,0,0,1.7672235261631921,0,0,0,0,0,51.63727959697733
3,Phyllospadix,Removal,Before,4.320225709751367,7.374040172488418,0,0,64.84346195155577,0,9.29770282618105,0,0,0.09618313268463155,3.9883939019893875,2.1961815296324203,0.048091566342315775,0.09618313268463155,0,0,0,4.3282409708084195,0,0.12824417691284204,0.0016030522114105256,0,0,0,0,0.05129767076513682,0,0,0,0.35267148651031566,0,0.689312450906526,0.048091566342315775,0.08015261057052629,0,0,0,0,0,0.12022891585578943,0.03206104422821051,0.8496176720475785,0,0,0.03206104422821051,0,0,0,0,0,0,0,0,0,0,0,0,0,0.03206104422821051,0,0,0.689312450906526,0.27251887593978935,0,0.03206104422821051,0,0,76.17702448210923
4,Phyllospadix,Control,Before,2.9163675520459442,3.14070351758794,0,0.1346015793251974,40.02153625269203,0,41.143216080402006,0,0,1.5838119167264895,5.698133524766691,2.3779612347451544,0.058327351040918886,0,0,0,0,0.4935391241923906,0,0,0,0,0,0,0,0,0,0,0,0.08973438621679827,0,0.03589375448671932,0,0,0,0.1346015793251974,0,0,0,0,0.02243359655419957,0,0,0,0,0,1.4357501794687724,0,0,0,0,0.004486719310839915,0,0,0,0,0.004486719310839915,0,0,0,0,0.6730078966259871,0,0.0314070351758794,0,0,0.2441008950366151,72.5793327908869
5,Phyllospadix,Control,Before,2.3727972201538843,5.212211466865227,0,0,63.91164060560933,0,15.884834946636884,0,0.49640109208240263,0.7446016381236039,3.0677587490692484,2.060064532141971,0,0,0,0,0,0,0,0,0,0,0,0,0,0.02482005460412013,0,0,0,0,0,0.14892032762472077,0,0,0,0,0,0,0,0.009928021841648052,0,5.559692231322909,0,0,0,0,0,0,0,0,0,0.014892032762472078,0,0,0,0,0,0.03474807644576818,0,0,0.02482005460412013,0.29784065524944153,0.09928021841648052,0,0.03474807644576818,0,0,83.9856490541422
6,Phyllospadix,Removal,Before,4.489467019684587,2.532519857257972,0,0,60.55024749625878,0,28.77863474156786,0,0,1.8993898929434787,0,0.6906872337976286,0,0.011511453896627144,0,0,0,0,0,0.05755726948313572,0,0,0,0,0,0,0,0,0,0,0.17267180844940716,0.7482445032807644,0,0,0,0,0,0,0,0.011511453896627144,0,0,0,0,0,0,0,0,0,0,0,0,0,0,0,0,0,0,0,0,0,0,0,0.046045815586508575,0.011511453896627144,0,0,77.01317715959004
7,Phyllospadix,Removal,Before,6.943356825894022,3.315061341686244,0,0,45.94100756982511,0,7.830853563038371,0,0,0.261028452101279,14.761158966327327,0.2088227616810232,1.0702166536152438,2.009919081179848,0,0,0,0,0.00261028452101279,0,0,0,0,0,0,0.0783085356303837,0,0,0,0.9919081179848602,1.9446619681545285,0,0.0783085356303837,0,0,0.1044113808405116,0,0,0,0.1827199164708953,0,13.834507961367787,0.00261028452101279,0,0,0,0,0,0,0,0,0.01305142260506395,0,0,0,0,0.0522056904202558,0.0261028452101279,0,0,0,0.34455755677368827,0,0.00261028452101279,0,0,0,58.862876254180605
8,Phyllospadix,Control,Before,9.157509157509157,2.0059305773591487,0,1.3082155939298796,43.04029304029304,0,14.181057038199896,0,0,1.2210012210012209,17.721960579103435,3.401360544217687,0.4535147392290249,0.47967905110762254,0,0,0,0,0.026164311878597593,0,0,0,0,0,0,0.13954299668585382,0,0,0,0.052328623757195186,0,0.34885749171463454,0.2616431187859759,0.21803593232164661,0,2.4420024420024418,0,0,0,0,0,1.5262515262515262,0,0,0,0,0,0.008721437292865864,0,0,0,0.04360718646432932,0,0,0,0,0,0,0,0,0.08721437292865863,1.8315018315018314,0,0,0.04360718646432932,0,1.6930022573363432,55.699774266365694
9,Mytilus,Control,Before,5.839551374148399,0,0,66.00778606849886,0,0,0.2722806692311257,0,1.7495481299531905,2.868795476664967,0.16916160726699725,0,0,0.06951846873986188,0,0,0,0,0,6.897390740139963,0,0,0,0.1344023728970663,0,0,0,0,0,0.030124669787273482,4.611391759744171,2.525837697548315,0,0.1448301432080456,0,0,0,0,0,0.019696899476294202,0.046345645826574584,0,0,0,2.459795152245446,0,0,0,0,0,0.23172822913287294,2.6359086063864297,1.2559670019001712,0.9153265050748481,0.07299439217685497,0.027807387495944753,0,0,0,0.06951846873986188,0.019696899476294202,0.9245956342401631,0,0,0,0,88.2845188284519,0
10,Mytilus,Removal,Before,14.326647564469914,0,0,67.84088993763694,0,0,0.8848811730996123,0,0.4635091859093208,1.4748019551660203,0,0,0,0.04213719871902916,0,0,0,0,0,0,0,0,0,0.12641159615708747,0,0,0,0,0,0.033709758975223325,11.166357660542726,0.9691555705376704,0,0,0,0,0,0,0,0,0,0,0,0,0,0,0,0,0,0,0,0.08427439743805833,0.10534299679757289,0.3455250294960391,0.02106859935951458,0.04213719871902916,0,0,0,0,0.05056463846283499,2.0225855385133995,0,0,0,0,78.84427032321254,0
11,Mytilus,Removal,Before,0.5615724027276374,0,0,84.2358604091456,0,0,0.40112314480545525,0,0.5615724027276374,1.9253910950661854,0.008022462896109105,0,0,0.008022462896109105,0,0,0,0.16044925792218212,0,0,0,0,0,0,0,0,0,0,0,0.08022462896109106,9.22583233052547,0.40112314480545525,0,0,0,0,0,0,0,0,0,0,0,0,0,0,0,0,0,0,0,0.8824709185720017,1.4440433212996389,0,0.04011231448054553,0.008022462896109105,0,0,0,0,0,0.05615724027276374,0,0,0,0,98.87005649717514,0
12,Mytilus,Control,Before,43.211271850512354,0,0,43.588004822182036,0,0,0.0037673297166968055,0,0,10.925256178420733,0.056509945750452074,0,0.018836648583484026,0,0,0,0,0,0,0,0,0,0,0.0753465943339361,0,0,0,0,0,0,0,0,0,0.4520795660036166,0,0,0,0.03767329716696805,0,0.0037673297166968055,0,0,0,0,0,0,0,0,0,0,0,0.48975286317058475,0.6404460518384569,0.18836648583484022,0.02637130801687764,0,0,0,0,0,0.056509945750452074,0.2260397830018083,0,0,0,0,45.33699059561129,0
13,Mytilus,Control,Before,2.9211295034079843,0,0,79.91545348754364,0,0,7.409694350108058,0,2.018666729997388,2.3749020352910444,0.16624314247037308,0,0.023749020352910447,0,0,0,0,0,0,0,0,0,0,0,0,0,0,0,0,0,0.5699764884698506,1.0449568955280597,0.011874510176455223,0,0,0.023749020352910447,0,0,0,0.011874510176455223,0,0,0,0,0,0,0,0,0,0,0,0.23749020352910444,0.37998432564656714,0.07124706105873133,0.023749020352910447,0.004749804070582089,0,0,0,0.016624314247037312,0,2.7667608711140663,0,0.007124706105873133,0,0,80.88942307692308,0
14,Mytilus,Control,Before,0.787897888433659,0,0,85.2505515285219,0,0,5.357705641348882,0,0.1575795776867318,4.727387330601953,0.3939489442168295,0,0,1.575795776867318,0,0,0,0,0,0,0,0,0,0,0,0,0,0,0,0,0,0,0,0,0,0,0,0,0,0.01575795776867318,0,0,0,0,0,0,0,0,0,0,0,0.0787897888433659,0.1575795776867318,0.6303183107469272,0.03151591553734636,0.3151591553734636,0,0,0,0.1575795776867318,0.04727387330601954,0.3151591553734636,0,0,0,0,92.7958833619211,0
15,Mytilus,Removal,Before,41.80776243813492,0,0,42.589215941651474,0,0,2.7350872623078923,0,0,3.907267517582703,0.19536337587913516,0,0.06512112529304506,0,0,0,0,0,0,0.06512112529304506,0,0,0,0,0,0,0,0,0,0,0.06512112529304506,0.03256056264652253,0,0.02604845011721802,0,0,0,0,0,0,0,0,0,0,0,0,0.13024225058609012,0,0,0,0,6.7074759051836415,0.48840843969783787,0,0.03256056264652253,0.04558478770513154,0,0,0,0,0,1.1070591299817658,0,0,0,0,61.121495327102814,0
16,Mytilus,Removal,Before,5.7599956833756005,0,0,71.7369017428371,0,0,0.0944261587438623,0,7.081961905789673,1.4029029299088114,0,0,0,0.05395780499649275,0,0,0,0,0.013489451249123187,0.728430367452652,0.02023417687368478,0,0,0.02023417687368478,0,0,0,0,0,0.728430367452652,9.265904063022717,0.08093670749473912,0.026978902498246374,0,0,0.013489451249123187,0,0.40603248259860797,0,1.9357362542491776,0,0,0,0.05395780499649275,0,0,0,0,0,0,0,0.4451518912210652,0.02832784762315869,0.0580046403712297,0.02023417687368478,0.01214050612421087,0,0,0,0,0,0.01214050612421087,0,0,0,0,77.29651162790697,0
17,Mytilus,Removal,Before,1.7295053614666207,0,0,62.95399515738497,9.224028594488642,0,3.401360544217687,0,0,4.381413582382105,0.9224028594488642,0,0.20754064337599443,0.6918021445866481,0,0,0,0,0.23060071486221606,0,0,0,0,0,0,0,0,0,0,0,1.2683039317421887,4.496713939813213,0,0,0,0,0,0,0,0,0,0,0,0,0,0,0,0,0,0,0,1.7295053614666207,0.19601060763288364,0.17295053614666203,0,0.0345901072293324,0,0,0,0,0.057650178715554015,8.301625735039778,0,0,0,0,49.322493224932245,7.226738934056007
18,Phyllospadix,Control,Before,6.688629330138763,4.791853848457621,0,2.475791155036438,49.81531396625736,0,10.981331736048716,0,0,17.37047020065888,1.1959668563442145,0,1.367674952580613,0.005989817310572027,0,0,0,0,0.21962663472097432,0,0,0,0,0,0.005989817310572027,0.04192872117400419,0,0,0,0,0.10981331736048716,0,0,0,0,0.11979634621144053,0,0,0,0.019966057701906754,0,0,0,0,0,0,0,0.001996605770190676,0,0,0,0.019966057701906754,0,0,0.005989817310572027,0,0,0,0,0.009983028850953377,3.314365578516522,1.4375561545372864,0,0,0,0,2.461294164350933,49.523620484319174
19,Mytilus,Control,Before,0.9574722731987554,0,0,79.19536867115261,0,0,2.5355284271744813,0,1.7784160926265768,1.7730968022199172,0.23050258428858925,0.062058388077697105,0.014184774417759338,0,0,0,0,0.12411677615539421,0,0.5904412351392325,0.0035461936044398346,0,0,0.008865484011099585,0,0.005319290406659752,0,0,0,0.008865484011099585,9.455925246238818,0.5461138150837345,0.008865484011099585,0.2836954883551867,0,0.005319290406659752,0,0.005319290406659752,0.03546193604439834,0.2074523258597303,0,0,0,0.27305690754186723,0.06383148487991702,0.45923207177495856,0,0.007092387208879669,0,0.01861751642330913,0.07447006569323653,0.9344220147698964,0.10638580813319504,0.12234367935317429,0.04610051685771785,0,0,0.042554323253278015,0,0.014184774417759338,0.0017730968022199173,0,0,0,0,0,82.11232650059748,0
20,Phyllospadix,Control,Before,4.373821616020926,4.400998760042804,0,0.5945000254785725,53.68335230071509,0,17.58021503915207,0,0,1.290914341039186,7.7386917602296466,4.4944201926180085,0.04246428753418375,0.883257180711022,0,0,0,1.35885720109388,0.027177144021877597,0,0,0,0,0,0,0.0645457170519593,0.010191429008204099,0,0,0.135885720109388,0.023780001019142905,0.38217858780765374,0.3651928727939802,0.7405771745961646,0,0.5010785929033682,0,0,0,0.00849285750683675,0,0.6284714555059194,0,0,0.011890000509571452,0,0,0.0016985715013673498,0.04246428753418375,0,0,0.013588572010938799,0,0,0,0,0,0.011890000509571452,0,0,0.0169857150136735,0.5690214529580622,0,0.0033971430027346997,0,0,0.7532551382761219,68.01893898633381
21,Phyllospadix,Removal,Before,4.398639318311946,4.04836482435755,0,0.4883634771479573,73.40608265130847,0,8.137145936479067,0,0,1.7884207335556228,6.045603044693678,0.40416287763968883,0.41089892560035024,0.5388838368529183,0,0,0,0,0,0,0,0,0,0,0,0,0,0,0,0,0,0,0,0,0,0,0,0,0,0,0,0,0,0,0,0,0,0,0,0,0,0.27617796638712067,0,0,0,0,0,0.047152335724630366,0,0,0,0,0,0,0.010104071940992219,0,0.6652902041752696,100
22,Phyllospadix,Removal,Before,8.773527123441871,13.65690542799914,0,0,64.34471684682745,0,1.9864589713453296,0,0,2.317535466569551,3.029349931301627,0.11587677332847754,0.2483073714181662,0.01655382476121108,0,0,0,0,0.0016553824761211075,0,0,0,0,0,0,0,0,0,0,0.024830737141816616,0,0,0,0,0,0,0,0,0,0.36915029217500706,0,5.082024201691801,0,0,0,0,0,0,0,0,0,0.028141502094058836,0,0.004966147428363324,0,0,0,0,0,0,0,0,0,0,0,0,0,96.40376984126985
23,Mytilus,Removal,Before,15.068183530475403,0,0,68.33421231070594,0,0,0.301363670609508,0,0,0.0376704588261885,9.794319294809013,0,0.75340917652377,0,0,0,0,0,0.007534091765237702,0,0,0,0,0.052738642356663916,0,0,0,0,0,0,0,0,0,0,0,0,0,0,0,0,0,0,0,0,0,0,0,0,0,0,0,1.6575001883522942,0.075340917652377,0.075340917652377,0,0.150681835304754,0,0,0,0,0.301363670609508,3.3903412943569653,0,0,0,0,57.0440251572327,0
24,Mytilus,Removal,Before,8.066429418742585,0,0,60.1423487544484,0,0,1.7793594306049818,0,0.5931198102016607,15.421115065243178,0.3558718861209964,0,0.08303677342823251,0,0,0,0,0,0,0.023724792408066426,0,0,0,0,0,0,0,0,0,0,0,0.05931198102016606,0,0,0,0,0,0.023724792408066426,0,0,0,0,0.023724792408066426,0,0,0,0,0,0,0,0,0.8303677342823249,0.011862396204033213,0.11862396204033213,0.011862396204033213,0.11862396204033213,0,0,0,0.11862396204033213,0.8303677342823249,11.387900355871885,0,0,0,0,51.734693877551024,0
25,Mytilus,Control,Before,10.04553978033753,0,0,73.04223591392088,0,0,0.7411376015715688,0,0,0.10715242432360032,0,0,0,0,0,0,0,0,0,0,0,0,0,0,0,0,0,0,0,0,0,0,0,0,0,0,0,0,0,0,0,0,0,0,0,0,0.0446468434681668,0,0,0,0,0.6250558085543351,0.2857397981962675,0,0.0446468434681668,0.06250558085543353,0,0,0,0,0.3571747477453344,14.644164657558708,0,0,0,0,71.5660542432196,0
26,Phyllospadix,Removal,Before,18.751331770722356,13.232473897293843,0,0,30.172597485616876,0,10.995099083741744,0,0,3.8781163434903054,1.9603665033027913,1.0867249094395908,0,0.12784998934583425,0,0,0,1.8325165139569572,0,4.687832942680589,0,0,0,0,0,0,0.046878329426805886,0,0,0.5625399531216707,0.532708288940976,3.7076496910291925,0.08523332623055616,0.4474749627104198,0,1.2358832303430642,0,0,0,0.09801832516513957,0.008523332623055616,3.494566375452802,0.06392499467291712,0,0,0,0.012784998934583423,0,0,0,0.7884082676326445,0.01704666524611123,0,0,0,0,0,0.5625399531216707,0.4900916258256978,0.08523332623055616,0,0.7244832729597274,0,0.29831664180694656,0.012784998934583423,0,0,58.85286783042394
27,Phyllospadix,Control,Before,14.7378219050574,7.86017168269728,0,0,32.42320819112628,0,3.5163925948908883,0,0,4.033509152963077,2.3787361671320713,0.36198159065053265,0.5171165580721895,0.36198159065053265,0,0,0,4.292067431999174,0,1.6547729858310063,0,0,0,0,0,0,0.07756748371082842,0,0,2.5338711345537286,0.8946116454648877,8.946116454648879,0.15513496742165683,0.49126073016858,0,1.8099079532526632,0,0,0,0.7498190092046748,0.13445030509876926,10.032061226600476,0,0,0,0,0,0,0,0,0.16547729858310062,0.020684662322887577,0.05171165580721895,0,0.025855827903609473,0,0,0.31026993484331367,0.5171165580721895,0,0.1034233116144379,0.5688282138794085,0,0.015513496742165683,0.25855827903609474,0,0,53.865979381443296
28,Phyllospadix,Removal,Before,0.9881813510415431,3.6365073718328778,0,0,67.27538637890825,0,5.395470176686826,0,2.253053480374718,0.2964544053124629,8.952923040436382,0.6719633187082493,0.7510178267915727,1.5020356535831454,0,0,0,0.7905450808332345,0.007905450808332345,0.09881813510415431,0,0,0,0,0,0.007905450808332345,0.11858176212498518,0.05929088106249259,0,0,0,0.11858176212498518,0.05929088106249259,0.11858176212498518,0,4.031779912249496,0,0,0,0.5138543025416025,0,0.01976362702083086,0,0,0,0,0,0,0.6719633187082493,0,0,0.01976362702083086,0,0,0,0,0,0,0,0,0.23716352424997036,1.3834538914581602,0,0,0.01976362702083086,0,0,72.81283422459893
29,Phyllospadix,Control,Before,2.1255722694571615,3.2919119250054503,0,1.6350555918901244,62.78613472858078,0,9.2108131676477,0,0.01090037061260083,1.0355352081970788,8.883802049269676,0,0.38151297144102897,0.9265315020710704,0,0,0,1.0900370612600827,0,0,0,0,0,0,0,0,0,0,0,0.04360148245040332,0,0.38151297144102897,0.38151297144102897,0,0,5.123174187922389,0.3270111183780249,0,0,0.07630259428820582,0,0,0,0,0,0,0,0,0,0,0,0.5450185306300414,0,0,0,0,0,0,0,0.054501853063004146,0.3270111183780249,0.8175277959450622,0,0.21800741225201659,0.3270111183780249,0,2,76.8
30,Mytilus,Control,Before,9.47989460419292,0,0,74.00618627563294,0,0,0.40096230954290296,0,0,6.787719097262,0.5728032993470042,0,0.011456065986940085,0.15465689082369116,0,0,0,0,0,1.076870202772368,0,0,0,0.0687363959216405,0,0,0,0,0,0,2.405773857257418,0,0.0400962309542903,0,0,0.057280329934700426,0,0,0,0,0,0,0.20048115477145148,0,0,0,0,0,0,0,0,0.5556192003665941,0.41814640852331314,1.890250887845114,0.04582426394776034,0.057280329934700426,0,0,0,0.06300836292817047,0.18902508878451144,1.5179287432695614,0,0,0,0,81.5141955835962,0
31,Mytilus,Control,Before,0.8741913729799935,0,0,80.05095286859654,0,0,1.1364487848739917,0,0.27474586007942653,2.8223892899068366,0.07493068911257088,0,0,0.024976896370856958,0,0,0,0,0,0.09990758548342783,0,0,0,0.012488448185428479,0,0,0,0,0,0,2.6725279116816942,0.5744686165297099,0,0,0,0,0,0,0,0,0,0,0,0,2.4477358443439825,0,0,0,0,0,0,7.018507880210805,1.3237755076554187,0.08741913729799936,0.22978744661188402,0.07992606838674228,0,0,0,0.0074930689112570874,0.03746534455628544,0.14986137822514176,0,0,0,0,96.27515770501653,0
32,Mytilus,Removal,Before,1.8578727357176033,0,0,91.42531801087753,0,0,0.30864659964340835,0,0.014982844642883898,0.6892108535726591,0.008989706785730339,0,0,0,0,0,0,0,0,0.04494853392865169,0,0,0,0,0,0,0,0,0,0.05993137857153559,2.6969120357191017,1.1087305035734083,0.09139535232159178,0,0,0,0,0,0,0,0,0,0,0,0,0,0,0,0,0.05993137857153559,0,0.2666946346433334,0.719176542858427,0.25470835892902627,0.02097598250003746,0.09289363678588017,0,0,0,0.05993137857153559,0.12885246392880154,0.08989706785730338,0,0,0,0,95.25444895410553,0
1,Phyllospadix,Control,After,2.2309782119789134,7.502563825767798,0,0,47.36330760511686,0.2698763966103525,6.584984077292601,1.1694643853115272,4.677857541246109,1.3313902232777386,5.784350767348554,1.9970853349166082,0.17991759774023494,1.73800399417067,0.4767816340116227,0,0.05397527932207049,1.1154891059894567,0,0,0,0,0,0,0,0.035983519548046995,0,1.1604685054245156,0,0.323851675932423,2.4288875694931717,0,0.467785754124611,0,0,0,0,0,0,4.821791619438298,0.11694643853115275,6.83686871412893,0,0,0,0,0.035983519548046995,0,0,0,0,0.05397527932207049,0,0,0,0,0.6566992317518577,0,0,0.035983519548046995,0,0.3418434357064465,0.044979399435058735,0.08096291898310574,0.08096291898310574,0,0,79.11344853493614
2,Phyllospadix,Removal,After,5.959849435382686,2.5094102885821834,2.823086574654956,0,0,27.54077791718946,6.587202007528231,2.6348808030112925,0.6273525721455459,2.760351317440402,6.524466750313676,4.579673776662485,0.25094102885821834,0.3764115432873275,2.7289836888331243,0,0.18820577164366376,2.3839397741530743,0.3764115432873275,0,0,0,0,0,0,0.09410288582183188,0,2.979924717691343,0,0,0.533249686323714,0,2.948557089084065,0.4391468005018821,0,0,0,0,0,19.761606022584694,0,0,0.12547051442910917,0,0,0,0,0,0,0,0,0.09410288582183188,0,0.06273525721455459,0,0,1.5683814303638648,0,0,0.34504391468005025,0.06273525721455459,1.6938519447929736,0.18820577164366376,0.15683814303638646,0.09410288582183188,0,0,0
3,Phyllospadix,Removal,After,1.9251980346936728,0.6016243858417727,5.254186303018149,0,0,44.921287476185704,0.7420034092048531,4.712724355760553,1.504060964604432,0.6417326782312244,9.12463651860022,2.0455229118620273,0.13035195026571744,0.30081219292088635,1.4539255991176177,0.20054146194725758,1.0628697483204652,5.595106788328486,0.12032487716835455,0,0,0,0,0.060162438584177275,0,0.12032487716835455,0.1604331695578061,3.76015241151108,0.09024365787626593,0.060162438584177275,0.1604331695578061,0,0.3609746315050637,0.38102877769978943,0,0,0,0,0,12.453624786924696,0,0,0.04010829238945152,0,0,0,0,0,0,0,0,0.060162438584177275,0,0,0.030081219292088637,0,0.7219492630101274,0.02005414619472576,0.060162438584177275,0.10027073097362879,0,0.6517597513285872,0.18048731575253185,0.09024365787626593,0.10027073097362879,0,0,0
4,Phyllospadix,Control,After,3.1200615908262086,3.606304955630293,0,0,47.651849750800274,1.7018517768142953,14.789902346124235,2.917460188824507,0,3.099801450626038,0.26338182260221243,1.9652335994165075,0.5065035050042547,0.4011507759633696,0.08104056080068073,0,0,3.849426638032335,0,0,0,0,0,0,0,0.040520280400340364,0.1215608412010211,0.20260140200170187,0,0,0,0,0,0.16208112160136146,0,0,0,0,0,5.915960938449694,0,7.901454678066371,0,0,0,0,0,0,0,0,0,0.26338182260221243,0,0,0,0,0.8306657482069775,0,0,0,0,0.26338182260221243,0,0.14182098140119132,0.20260140200170187,0,0,91.73166926677068
5,Phyllospadix,Control,After,1.785134696527101,7.302823758519961,0,0,44.23888347938981,0,9.023044466082439,1.03862382343395,0.486854917234664,1.2658227848101264,5.095748133722816,1.1684518013631937,0.08114248620577734,0.519311911716975,0.1947419668938656,0,0,0.1947419668938656,0,0,0,0,0,0,0,0.0486854917234664,0,0.4543979227523531,0,0,0,0,0,0,0.2596559558584875,0,0,0,0,12.78805582603051,0,11.359948068808828,0.0973709834469328,0,0,0,0,0,0,0,0,0.06491398896462187,0,0,0,0,1.7202207075624798,0.11359948068808827,0,0,0,0.243427458617332,0.2596559558584875,0.0486854917234664,0.1460564751703992,0,0,87.2040946896993
6,Phyllospadix,Removal,After,11.744167592445642,0,0.7935248373274082,0,0,53.32486906840184,0,22.377400412632916,0,2.063164577051262,0,1.1109347722583716,0.3174099349309633,0,0,0,0.3174099349309633,0.7300428503412155,0,0,0,0,0,0,0,0,0,0,0.47611490239644505,0,0,0,1.5870496746548164,1.9044596095857802,0,0,0,0,0,2.063164577051262,0,0,0,0,0,0,0,0,0,0,0,0.5554673861291858,0,0,0,0,0,0,0,0.3174099349309633,0,0,0,0.3174099349309633,0,0,0,0
7,Phyllospadix,Removal,After,7.809574752607649,13.37255950788981,1.8186680930730141,0,0,0,15.619149505215297,0,0,0.561647499331372,36.480342337523396,0.9093340465365071,1.4977266648836585,1.6581973789783364,0.10698047606311849,0,0,1.1500401176785235,0.1872158331104573,0,0,0,0,0,0,0.7488633324418292,0.32094142818935545,0,0,1.0163145225996255,1.7651778550414545,0,2.300080235357047,3.851297138272265,0,1.6581973789783364,0.08023535704733886,0,0,3.6373361861460283,0,0,0.26745119015779617,0,0,0,0,0.10698047606311849,0,0,0.16047071409467772,0.026745119015779622,0,0,0.026745119015779622,0,0.8023535704733886,0.16047071409467772,0.16047071409467772,0.16047071409467772,0.1872158331104573,0.9895694035838458,0.1872158331104573,0,0.21396095212623698,0,0,0
8,Phyllospadix,Control,After,3.5632782159586815,9.929134804019697,0,0.5605156744204667,30.187772750930854,0,8.247587780758296,0.3002762541538215,0,0.7206630099691715,12.871842094727148,3.663370300676622,0.9608840132922287,0.5805340913640549,0.1601473355487048,0,0,0.36033150498458577,0.060055250830764295,0,0,0,0,0,0,0.3242983544861272,0.0400368338871762,0,0.0800736677743524,0.24022100332305718,0,0,1.5213996877126954,1.401289186051167,0,3.002762541538215,0,0,0,3.002762541538215,0,14.813628538255191,0.18016575249229289,0,0,0,0.0800736677743524,0,0,0,0,0.1000920847179405,0,0,0.0400368338871762,0,1.241141850502462,0,0.12011050166152859,0,0.14012891860511667,1.3412339352204026,0,0,0.1641510189374224,0,1.545253863134658,83.22295805739516
9,Mytilus,Control,After,1.277110842115784,0,0,63.68896243073062,0,0.37758059679944916,1.277110842115784,5.330549601874577,3.553699734583051,0.6996346352460383,0.26874854242784324,0,0.033315935011716105,0.21100092174086865,0,0,0,0.13326374004686442,0.07773718169400425,0.13326374004686442,0.06663187002343221,0,0,0,0,0,0.049973902517574165,0,0,0,13.326374004686443,0,0.17768498672915256,0.5330549601874577,0,0,0,0,0,0.08328983752929027,0,0,0,0.14436905171743647,2.9429075927015895,0,0,0,0,0,0.13326374004686442,2.3876420091729877,0.621897453552034,0.9106355569869067,0.2776327917643009,0.055526558352860175,0.06663187002343221,0,0,0.06663187002343221,0.08328983752929027,1.010583362022055,0,0,0,0,93.480032599837,0
10,Mytilus,Removal,After,16.304347826086957,0,0.36231884057971014,0,0,65.82125603864735,0.18115942028985507,9.057971014492754,0,0.6642512077294686,0,0,0,0,0,0,0,0,0,0.12077294685990338,0,0,0,0,0,0,0,0,0,0,0,0,0,0.5132850241545893,0,0,0,0,0,0,0,0,0,0,0,0,0,0,0,0,0,0.12077294685990338,0,0,0,0,0.18115942028985507,0.785024154589372,0,0,0.12077294685990338,5.766908212560387,0,0,0,0,0,0
11,Mytilus,Removal,After,6.470588235294119,0,0.5882352941176471,0.661764705882353,0,68.8235294117647,0.29411764705882354,19.11764705882353,0,1.0294117647058825,0,0,0,0,0,0,0,0,0,0,0,0,0,0,0,0,0,0,0,0,0,0,0,0,0,0,0,0,0,0,0,0,0,0,0,0,0,0,0,0,0,0.7352941176470588,0,0,0.4411764705882353,0,0.7352941176470588,0,0,0.22058823529411764,0,0.8823529411764706,0,0,0,0,0.33532041728763046,0
12,Mytilus,Control,After,8.419575513067883,0,0,54.27118049465006,0,0,0.4911419049289598,13.716891773373092,0,5.78845816523417,0,0,0,0.7717944220312227,0,0,0,0,0,0,0,0,0,0.07016312927556569,0,0,0.10524469391334854,0,0,0,0,0,0,4.034379933345027,0,0,0,0.17540782318891424,0,0.14032625855113137,0,0,0,0,0,0,0,0,0,0,0,8.630064900894581,1.087528503771268,0.6314681634800913,0.8770391159445712,0.05262234695667427,0,0,0,0.05262234695667427,0.28065251710226274,0.4034379933345027,0,0,0,0,52.38740264138164,0
13,Mytilus,Control,After,4.226618705035971,0,0,82.59892086330935,0,0,3.0575539568345325,2.3156474820143886,0.7194244604316548,0.5620503597122302,0.08992805755395684,0,0.02248201438848921,0.1686151079136691,0.03372302158273381,0,0,0,0,0.06744604316546762,0,0,0,0,0,0,0.02248201438848921,0,0,0,0.10116906474820145,0.15737410071942445,0,0.19109712230215828,0,0.04496402877697842,0,0,0,0.02248201438848921,0,0,0,0.03372302158273381,0.06744604316546762,0,0,0,0,0,0,1.303956834532374,1.41636690647482,0.21357913669064751,0.11241007194244604,0.04496402877697842,0.15737410071942445,0,0,0.07868705035971223,0,2.1695143884892087,0,0,0,0,91.32488192890877,0
14,Mytilus,Control,After,5.98072876287518,0,0,71.65799091815262,0,0,4.208660981282534,4.540923690331154,0.44301694539816144,0.7752796544467826,1.3290508361944844,0,0.16613135452431055,1.0521652453206336,0,0,0,0.22150847269908072,0,0,0,0,0,0,0,0,0.3876398272233913,0,0,0,0,0,0,0,0,0,0,0,0,0.16613135452431055,0,0,0,0,0.11075423634954036,0,0,0,0,0,0,4.208660981282534,1.3290508361944844,0.5980728762875179,0.7752796544467826,0.7199025362720124,0,0,0,0.16613135452431055,0.11075423634954036,1.0521652453206336,0,0,0,0,86.72922252010724,0
15,Mytilus,Removal,After,10.731319554848966,0,0,0,0,72.89348171701113,3.020667726550079,6.359300476947535,0.9538950715421303,0.5564387917329092,0,0,0,0,0,0,0,0,0,0,0,0,0,0,0,0,0.43720190779014306,0,0,0,0,0,0,0.15898251192368837,0,0,0,0,0,1.6693163751987279,0,0,0,0,0,0,0,0,0,0,0,0.19872813990461047,0,0,0,0,0.5961844197138314,0,0,0.15898251192368837,0.5166931637519873,1.7488076311605723,0,0,0,0,0,0
16,Mytilus,Removal,After,91.50754512663505,0,0.17139162206589234,3.0071439144288377,0,0,0.06232422620577903,0,0.02337158482716713,1.791821503416147,0,0,0,0.031162113102889515,0,0,0,0,0,0,0,0,0,0,0,0,0,0,0,0,0,0,0,0,0,0,0,0.7401001861936259,0,0.25708743309883847,0,0,0,0,1.1607887130826344,0,0,0,0,0,0,0.6076612055063455,0.23371584827167136,0.05453369793005665,0.02337158482716713,0.015581056551444757,0.07790528275722379,0.015581056551444757,0,0.015581056551444757,0.05531275075762889,0.1480200372387252,0,0,0,0,2.559681697612732,0
17,Mytilus,Removal,After,12.410113662723266,0,0.8118765947575969,0,4.059382973787984,40.593829737879844,1.3917884481558802,10.438413361169102,1.7397355601948503,6.3790303873811185,0.2319647413593134,0.2319647413593134,0.5219206680584552,0.2319647413593134,0.6958942240779401,0,0,0.5799118533982834,0.3711435861749014,0,0,0,0,0,0,0,1.3917884481558802,0.34794711203897005,0,0,0,0,0,0,0,0,0,0,0,0.5219206680584552,0,0,0.2319647413593134,0,1.6237531895151938,0,0,0,0,0,0,0.34794711203897005,0,0.1159823706796567,0.05799118533982835,0,1.9717003015541636,0.34794711203897005,0,0,0.4639294827186268,11.830201809324981,0,0,0.05799118533982835,0,0,3.006872852233677
18,Phyllospadix,Control,After,17.1326164874552,5.710872162485066,0,4.3130227001194745,45.209080047789726,0,3.1565113500597377,0,0.2867383512544803,8.94862604540024,1.3142174432497014,0.09557945041816009,1.027479091995221,1.211469534050179,0.14336917562724014,0,0,0.17921146953405018,1.7682198327359617,0,0,0,0,0,0.09557945041816009,0.14336917562724014,0,0,0,0,0.14336917562724014,0,0,0,0,0.5256869772998807,0,0.07168458781362007,0,0,0,0,0,0,0,0,0,0.08363201911589008,0,0,0.09557945041816009,0.16726403823178015,0,0,0.1194743130227001,0,0.16726403823178015,0,0,0.04778972520908004,5.495818399044205,2.3464755077658306,0,0,0,0,3.6582894203486016,38.346169436562626
19,Mytilus,Control,After,0.45755782202476714,0,0.2213989461410164,71.20190107895087,0,0.1106994730705082,0.3542383138256262,3.4243037003143866,1.5940724122153178,1.948310726040944,0.36899824356836064,0.044279789228203276,0.09593954332777375,0.25829877049785244,0.059039718970937696,0,0.029519859485468848,0.6199170491948459,0.029519859485468848,1.1807943794187539,0.19925905152691473,0,0,0,0,0,0.14021933255597702,0.20663901639828194,0,0,5.623533231981815,0.5608773302239081,0.2509188056264852,2.0973860164425617,0.06641968384230491,0,0,0,0.059039718970937696,2.1180499180823897,0,0,0,0.4944576463816032,0.6494369086803148,0.7822762763649246,0,0.10331950819914097,0,0,0.06641968384230491,2.9372260188041497,0.14759929742734423,0.06641968384230491,0.45755782202476714,0,0.36899824356836064,0,0,0.06641968384230491,0.029519859485468848,0.5092175761243377,0,0,0,0,88.23852204133894,0
20,Phyllospadix,Control,After,1.3812785388127855,12.248858447488587,0,0.6849315068493151,46.541095890410965,0,1.358447488584475,0.27397260273972607,0.13698630136986303,0.747716894977169,5.154109589041096,4.041095890410959,0.25114155251141557,1.9634703196347034,0.17694063926940637,0,0,0.930365296803653,0.07990867579908675,0,0,0,0.06278538812785389,0.27397260273972607,0,0.8219178082191781,0,0.17123287671232879,0,0.25114155251141557,0,0,1.13013698630137,1.5639269406392695,0.3082191780821918,0.9360730593607305,0,0,0,3.721461187214612,0,13.299086757990867,0.3767123287671233,0,0,0,0,0.01712328767123288,0,0,0,0.14269406392694065,0,0,0.01712328767123288,0,0.1940639269406393,0.051369863013698634,0.03424657534246576,0.0228310502283105,0.25114155251141557,0.22831050228310504,0,0.07990867579908675,0.07420091324200914,0,1.2746972594008923,86.61567877629064
21,Phyllospadix,Removal,After,7.863340563991323,0,2.0607375271149677,1.4642082429501084,0,54.50108459869849,3.8503253796095445,13.015184381778742,0,0.4067245119305857,4.121475054229935,0.6507592190889371,0.5151843817787419,1.6268980477223427,0.16268980477223427,0,0,0,0.16268980477223427,0,0,0,0,0,0,0.05422993492407809,0,0,0,0,0,0,0,0,0,0,0,0,0,8.080260303687636,0,0,0.08134490238611713,0,0,0,0,0,0,0,0,0.16268980477223427,0,0,0,0,0.8134490238611713,0.08134490238611713,0,0,0.16268980477223427,0,0,0.10845986984815618,0.05422993492407809,0,0.9811046511627908,0
22,Phyllospadix,Removal,After,82.50390633361158,0,3.2748988634174534,0,0,0,0.1605342580106595,0,0.0642137032042638,3.146471457008926,6.61401143003917,0.2354502450823006,0.1605342580106595,3.0608531860699073,0.21832659089449688,0,0,0,0.1177251225411503,0,0,0,0,0,0,0.042809135469509194,0.1284274064085276,0,0,0,0,0,0,0,0,0,0,0,0,0,0,0,0,0,0,0,0,0,0,0,0,0.0642137032042638,0,0,0.07491598707164109,0,0.042809135469509194,0,0,0,0.03638776514908282,0,0.05351141933688649,0,0,0,0,0
23,Mytilus,Removal,After,67.10342195649409,0,0,0,0,0,1.3357079252003563,0,0,0.8268668108383159,17.36420302760463,0,0.44523597506678547,3.943518636305814,0,0,0,0,0,0,0,0,0,0,0,0,0.6360513929525508,0,0,0,0,0,0,0,0,0.25442055718102025,0,0,0,0.12721027859051012,0,0,0,0,0.22261798753339274,0,0,0.12721027859051012,0,0,0,0.25442055718102025,0,0,0.09540770894288259,0.12721027859051012,0,0,0,0,2.416995293219692,4.719501335707926,0,0,0,0,0,0
24,Mytilus,Removal,After,54.60160592958617,0,0.3705991352686844,0.30883261272390367,0,0,6.917850525015442,11.73563928350834,0,3.9530574428659664,0.9882643607164916,0,0.30883261272390367,0.2470660901791229,0,0,0,0,0,0,0,0,0,0,0,0,0,0,0,0,0,0.3705991352686844,0,0,0,0,0,0,0,0,0,0,0,0.2470660901791229,0.4941321803582458,0,0,0,0,0,0,0,0.1852995676343422,0,0.1852995676343422,0,0.30883261272390367,0,0,1.2353304508956147,3.088326127239036,14.453366275478691,0,0,0,0,0.18573551263001487,0
25,Mytilus,Control,After,12.308293445345315,0,0,62.71368565009279,0,0,2.1002246751978118,0,0,0.7326365146038878,0,0,0,0.09768486861385171,0,0,0,0.39073947445540685,0.24421217153462926,0,0,0,0,0,0,0.09768486861385171,0,0,0,0,0,0.24421217153462926,0,0.14652730292077756,0,0,0,0,0,0,0,0,0,0.341897040148481,0.19536973722770343,0,0,0,0,0,0,1.5629578978216274,0.6349516459900362,0,0.19536973722770343,0.24421217153462926,0,0,0.19536973722770343,0,0.3614340138712513,17.192536876037902,0,0,0,0,54.68483816013628,0
26,Phyllospadix,Removal,After,1.4472555746140652,1.5008576329331045,1.0988421955403085,0,0,53.8164665523156,2.8945111492281304,6.271440823327615,0,2.5460977701543737,2.5728987993138936,1.7688679245283017,0.16080617495711835,1.2060463121783875,0,0,0,4.073756432246999,0,0.26801029159519724,0,0,0,0,0,0,0.3216123499142367,0.1072041166380789,1.3936535162950259,0.5360205831903945,8.844339622641508,0,0,0.5360205831903945,0.6485849056603773,0.9380360205831905,0,0,0,1.9832761578044595,0.13400514579759862,0,0.1072041166380789,0,0.16080617495711835,0,0,0,0,0,0.13400514579759862,0.294811320754717,0,0,0.1072041166380789,0,1.3132504288164666,1.822469982847341,0.18760720411663806,0.3752144082332761,0,0.1072041166380789,0,0.08040308747855918,0.2412092624356775,0,0,0
27,Phyllospadix,Control,After,4.555473916238061,12.711241734019104,0,0,34.71711976487877,0.53269654665687,4.206465833945628,1.2858192505510655,0.7347538574577517,1.836884643644379,2.3512123438648054,0,0.12858192505510654,0.6245407788390889,0,0,0.09184423218221896,4.151359294636296,0,0.27553269654665685,0,0,0,0,0,0,0.440852314474651,0.2204261572373255,0.07347538574577517,0.9000734753857459,9.478324761204997,0,0.5510653930933137,1.763409257898604,0,1.9287288758265981,0,0,0,2.0573108008817047,0.27553269654665685,10.47024246877296,0.1653196179279941,0,0,0,0,0,0,0,0,0.5510653930933137,0,0.07347538574577517,0.055106539309331376,0,0.9000734753857459,0.6245407788390889,0.2571638501102131,0.11021307861866275,0,0.6429096252755327,0.09184423218221896,0,0.1653196179279941,0,0,71.86311787072243
28,Phyllospadix,Removal,After,2.674897119341564,11.02880658436214,0.5761316872427984,0.3292181069958848,0,4.444444444444445,5.411522633744856,2.3456790123456788,0,0.9670781893004115,9.094650205761315,1.2345679012345678,0.9259259259259259,2.139917695473251,0.12345679012345677,0,0,2.839506172839506,0,0.1440329218106996,0,0,0,0,0,0.0411522633744856,2.1810699588477367,0.6172839506172839,0.0823045267489712,0,0,1.3991769547325104,1.9753086419753083,6.049382716049383,0,0,0,0,0,36.13168724279836,0.0411522633744856,0,0.10288065843621398,0,0,0,0,0,0,0,0,0.061728395061728385,0,0,0.061728395061728385,0,1.3786008230452675,0.061728395061728385,0.0823045267489712,0,0.10288065843621398,5.185185185185185,0,0,0.1646090534979424,0,0.3857280617164899,0
29,Phyllospadix,Control,After,6.466337010270065,8.748573602130087,0.608596424496006,0.5325218714340054,18.410041841004183,0.9128946367440092,12.780524914416128,0.9128946367440092,0.608596424496006,0.8368200836820087,11.411182959300115,0,0.41841004184100433,2.282236591860023,0,0,0,0.9889691898060099,0,0,0,0,0,0,0,0.304298212248003,0,0,0,0,0,0,0,1.1411182959300115,4.792696842906048,0,0,0,0,14.149866869532143,0,9.585393685812097,0.2282236591860023,0,0,0,0,0,0,0,0,0.1521491061240015,0,0,0,0,2.6626093571700267,0,0,0,0.1521491061240015,0.6466337010270065,0,0,0.2662609357170027,0,0.9043927648578811,31.26614987080103
30,Mytilus,Control,After,7.334246039507139,0,0,68.94191277136711,0,0,0.29336984158028556,2.2002738118521417,4.4983375708977125,1.5646391550948564,0.1711324075884999,0,0,0,0,0,0,0,0,0,0,0,0,0.29336984158028556,0,0,0,0,0,0,2.81146098181107,0.3911597887737141,0.09778994719342853,0.3667123019753569,0,0,0,0,0,0.10756894191277136,0,0,0,0,0.19557989438685705,0,0,0,0,0,0,6.062976725992569,1.149031879522785,1.0267944455309996,0.8556620379424996,0.1711324075884999,0,0,0,0.09778994719342853,0.19557989438685705,1.1734793663211422,0,0,0,0,84.27973699940226,0
31,Mytilus,Control,After,0.7594636288121515,0,0,79.10288358846564,0,0,1.2815948736205056,1.9461255488311373,1.851192595229619,0.09493295360151893,0.09493295360151893,0,0.05933309600094932,0.15426604960246826,0,0,0,0,0,0.3085320992049365,0,0,0,0.1423994304022784,0,0,0.7357303904117717,0,0,0,0,0.20173252640322772,0,0,0,0,0,0,0,0.18986590720303786,0,0,0,0,0.5458644832087337,0,0,0.023733238400379733,0,0,0,9.137296784146196,1.590126972825442,0.40346505280645545,0.8543965824136703,0.2847988608045568,0,0,0,0,0.047466476800759466,0.18986590720303786,0,0,0,0,95.61101549053356,0
32,Mytilus,Removal,After,3.4614466459775604,0,0,0,0,91.11959894962999,0.5251850083552161,3.1988541417999525,0,0.4535688708522321,0,0,0,0.04774409166865601,0,0,0,0,0,0,0,0,0,0,0,0,0,0,0,0,0,0,0,0,0,0,0,0,0,0,0,0,0,0,0,0,0,0,0,0,0,0.04774409166865601,0,0,0.09548818333731202,0.071616137502984,0.42969682501790407,0,0.04774409166865601,0.04774409166865601,0.071616137502984,0.286464550011936,0,0,0,0.09548818333731202,0,0
