pool_id,foundation_spp,day_night,sampling_group,before_after,removal_control,group,time_point,sampling_day,sampling_time,do_mg_l,salinity,temp_pool,po_umol_l,nn_umol_l,nh4_umol_l,ph,dic,alk,omega_aragonite,heterotrophic_bacterioplankton_m_l,synechoococcus_m_l,autotrophic_pico_eukaryotes_m_l,m_c,bix,hix,fi,ultra_violet_humic_like,marine_humic_like,visible_humic_like,tryptophan_like,tyrosine_like,phenylalanine_like
Ocean,Ocean,Day,1,Before,Ocean,Before_Ocean,1,7/8/2019,08:48:00,8.28,34.3,11.9,0.77484,1.400968,2.4281406,7.907910954,2067.783141,2199.554384,1.554911263,761.49,1.17,1.83,1.335136477,1.163542383,0.664352912,1.591922725,0.033758951,0.042722806,0.031998831,0.177963479,0.101505667,0.055506103
1,Phyllospadix,Day,1,Before,Control,Before_Control,1,7/8/2019,08:59:00,9.1,34.6,12.6,0.3841915,1.2419392,6.375255,7.953172453,2081.574562,2237.472545,1.78698342,777.42,2.01,0.36,1.24225423,1.123010385,0.398228951,1.050466629,0.042776194,0.051800318,0.041698645,0.218977524,0.336566059,0.089651264
2,Phyllospadix,Day,1,Before,Removal,Before_Removal,1,7/8/2019,09:04:00,9.99,34.7,12.8,0.975007,0.33471776,4.5125718,8.130549774,1985.138322,2222.401683,2.524134372,750.45,0.83,0.4,1.190824634,1.193124429,0.758800519,1.541526114,0.047294927,0.061324968,0.0514979,0.133192508,0.215009003,0.061031071
3,Phyllospadix,Day,1,Before,Removal,Before_Removal,1,7/8/2019,09:07:00,10.28,34.8,12.7,0.832953,0.57704736,3.7253664,8.059416363,2036.032538,2240.044426,2.21844068,805.11,1.01,0.37,1.247830879,1.255948451,0.654877262,1.69178157,0.046485777,0.061720457,0.049462198,0.157055702,0.157692547,0.057246784
4,Phyllospadix,Day,1,Before,Control,Before_Control,1,7/8/2019,09:10:00,10.21,34.9,13.2,0.4913777,0.53161056,3.991464,8.149466065,1941.448658,2189.777955,2.617119656,756.37,0.87,0.52,1.13519049,0.916586307,1.460415586,1.602482052,0.041977611,0.047061742,0.041457132,0.075167968,0.062281703,0.009810572
5,Phyllospadix,Day,1,Before,Control,Before_Control,1,7/8/2019,09:13:00,11.72,34.5,13.4,0.5184971,0.72017328,1.9846446,8.329342538,1790.725893,2133.011733,3.504677956,744.92,0.28,0.32,0.998011301,0.893500653,0.687359142,1.692466434,0.050150393,0.055234741,0.055344805,0.112299347,0.276233305,0.0492791
6,Phyllospadix,Day,1,Before,Removal,Before_Removal,1,7/8/2019,09:17:00,9.66,34.6,13.8,2.7926525,1.4236864,0.5710011,8.1535448679999991,1857.21542,2106.285977,2.570452413,588.77,0.48,0.25,1.05436088,0.887357578,0.966548447,1.613011271,0.082056426,0.090958512,0.08626886,0.206996567,0.2215176,0.056608849
7,Phyllospadix,Day,1,Before,Removal,Before_Removal,1,7/8/2019,09:37:00,10.34,34.6,13.1,0.942722,0.46421264,6.7854888,8.1035711,1994.869828,2220.360883,2.418310407,653.51,0.72,0.61,0.994156181,0.983295767,2.292653971,1.78973923,0.041816074,0.047556251,0.047835795,0.053026374,0.042780055,0.022943437
8,Phyllospadix,Day,1,Before,Control,Before_Control,1,7/8/2019,09:42:00,9.47,34.5,13.5,1.233287,0.511164,7.428558,8.111634752,1964.55801,2194.918693,2.455934718,1112.81,1,0.76,1.083144913,1.136376671,0.934799043,1.672745358,0.062096295,0.076188642,0.070340211,0.150212328,0.256670348,0.040797677
9,Mytilus,Day,1,Before,Control,Before_Control,1,7/8/2019,09:47:00,7.63,34.5,12.8,1.265572,2.8246544,10.5662922,7.777739752,2016.707574,2106.757949,1.179548557,594.85,0.48,0.12,1.235262203,0.972418138,0.395555598,0.996660779,0.056716006,0.066976397,0.054220389,0.444897879,0.348308845,0.107087879
10,Mytilus,Day,1,Before,Removal,Before_Removal,1,7/8/2019,09:50:00,7.86,34.1,12.8,1.801503,4.3316416,10.6328166,7.767084575,2031.860745,2117.89949,1.151974534,595.18,0.67,0.11,1.124635416,0.937513051,1.145686865,1.579044948,0.036453157,0.040860781,0.036332469,0.114226286,0.06370099,0.01592748
11,Mytilus,Day,1,Before,Removal,Before_Removal,1,7/8/2019,09:52:00,6.29,34.6,13.1,1.181631,4.9147472,16.741974,7.456779275,2030.358237,2028.43234,0.577557471,451.76,0.23,0.03,0.966321178,1.052164773,1.0594286,1.546541692,0.045106769,0.052608769,0.054442322,0.142060914,0.157228868,0.051649772
12,Mytilus,Day,1,Before,Control,Before_Control,1,7/8/2019,09:54:00,9.48,34.6,13.6,1.233287,2.6580528,9.4464648,7.867959962,1930.447989,2053.454057,1.428094995,515.79,0.51,0.15,NA,NA,NA,NA,NA,NA,NA,NA,NA,NA
13,Mytilus,Day,1,Before,Control,Before_Control,1,7/8/2019,09:57:00,8.12,34.7,13.5,1.233287,2.1279568,10.0784466,7.664045408,1965.629909,2023.335509,0.917511424,490.66,0.24,0.03,1.188867401,1.285086985,0.453509577,1.730084138,0.045211436,0.059351034,0.049922333,0.1611518,0.402844519,0.065141412
14,Mytilus,Day,1,Before,Control,Before_Control,1,7/8/2019,09:59:00,6.34,34.8,12.8,1.388255,4.4528064,17.296344,7.536069434,2120.010927,2139.179198,0.718596257,579.98,0.35,0.39,2.023649537,2.258173189,0.486185937,1.195506269,0.09142669,0.185408295,0.091620753,0.660624442,0.532907569,0.1425301
15,Mytilus,Day,1,Before,Removal,Before_Removal,1,7/8/2019,10:02:00,8.86,34.6,13.8,2.143724,2.8170816,13.083132,7.919263993,1870.181091,2011.965007,1.561755269,623.41,0.43,0.05,1.075455186,1.146103711,0.642774618,1.454372631,0.06710911,0.086316216,0.08026017,0.336402519,0.39618107,0.099958957
16,Mytilus,Day,1,Before,Removal,Before_Removal,1,7/8/2019,10:05:00,7.2,34.6,14.1,1.330142,6.777656,10.4554182,7.584326104,1938.368867,1975.426469,0.771276303,483.36,0.23,0.35,1.185836673,0.796275483,0.490730688,1.38292327,0.182563634,0.204872943,0.172766577,1.066492,0.602755848,0.196117743
Ocean,Ocean,Day,2,Before,Ocean,Before_Ocean,1,7/9/2019,09:46:00,9.25,34.4,12.3,0.4894406,2.0143648,1.2639636,7.917058677,2090.673553,2229.453523,1.632553873,1019.33,2.12,0.15,0.995740589,0.9326438,1.25353873,1.685302909,0.028286027,0.031432033,0.031566488,0.056478091,0.063785175,0.022195501
17,Mytilus,Day,2,Before,Removal,Before_Removal,1,7/9/2019,09:52:00,9.36,34.6,13.6,0.5410966,2.8322272,4.7232324,7.96819193,1926.059668,2087.214011,1.776635221,549.59,0.59,0.01,1.1817064,0.886039245,1.321407126,1.626005937,0.034651144,0.03954255,0.033462246,0.07619198,0.045121303,0.025377556
18,Phyllospadix,Day,2,Before,Control,Before_Control,1,7/9/2019,09:59:00,8.79,34.5,13.4,0.871695,1.2646576,3.9249396,7.92257031,2024.308586,2170.020961,1.673486383,914.33,1.89,0.05,1.088337184,0.89778909,3.635152354,1.722221392,0.033628115,0.039005565,0.035839596,0.058958539,0.045299703,0.01649419
19,Mytilus,Day,2,Before,Control,Before_Control,1,7/9/2019,09:55:00,8.55,34.6,12.9,0.975007,1.5675696,6.6191778,7.867887093,2048.069378,2171.180709,1.473637263,621.53,0.77,0.01,1.133005646,0.992933081,1.352747609,1.551371568,0.029306947,0.032937351,0.029070774,0.059750629,0.041938735,0.025508411
20,Phyllospadix,Day,2,Before,Control,Before_Control,1,7/9/2019,10:01:00,11.35,34.5,12.9,0.820039,0.9541728,2.938161,8.098958687,1975.939718,2195.316048,2.349954337,920.83,2.07,0.13,1.007191012,0.904788781,1.392987108,1.594370532,0.03387575,0.037362178,0.037095425,0.055633769,0.083026352,0.017686264
21,Phyllospadix,Day,2,Before,Removal,Before_Removal,1,7/9/2019,10:03:00,10.23,34.7,13.6,0.5804843,1.1207744,4.5014844,8.155687515,1899.105694,2149.458696,2.624767103,786.56,1.28,0.07,1.049215343,0.860833969,1.069375412,1.563459567,0.043711096,0.047600529,0.04536774,0.110525705,0.115279906,0.049745548
22,Phyllospadix,Day,2,Before,Removal,Before_Removal,1,7/9/2019,10:06:00,9.89,34.6,13.5,0.4862121,1.4842688,4.5790962,8.08806603,2004.713209,2225.597801,2.387148976,1081.2,2.36,0.16,1.171053018,0.916658003,1.589655371,1.607711423,0.042576959,0.048436601,0.041361579,0.079869389,0.086173929,0.014098162
23,Mytilus,Day,2,Before,Removal,Before_Removal,1,7/9/2019,10:11:00,8.88,34.5,13.7,0.677985,2.9685376,6.0204582,7.794429493,1948.055252,2045.614641,1.226010092,727.96,1.25,0.03,1.023662518,0.975876182,1.220315809,1.681556344,0.03500481,0.038595417,0.037703263,0.075391793,0.107000103,0.035548338
25,Mytilus,Day,2,Before,Control,Before_Control,1,7/9/2019,10:14:00,7.23,34.6,13,1.375341,3.483488,13.637502,7.601468828,2112.551562,2150.920892,0.836180064,639.04,1.23,0.16,1.1346921,0.949617915,1.094538832,1.625577651,0.034560751,0.040616685,0.035795336,0.096216523,0.071820634,0.03196396
26,Phyllospadix,Day,2,Before,Removal,Before_Removal,1,7/9/2019,10:19:00,9.78,34.6,13.1,0.529474,1.3403856,2.106606,8.173141011,1959.993677,2220.209765,2.75354038,1086.22,5.26,0.68,1.052267823,0.939460866,1.033368524,1.687477288,0.039340794,0.044160594,0.041967067,0.096199845,0.108356932,0.027919906
27,Phyllospadix,Day,2,Before,Control,Before_Control,1,7/9/2019,10:21:00,10.62,34.6,13,0.987921,0.71260048,4.0912506,8.136773778,1974.215028,2214.997305,2.558765368,923.63,2.36,0.45,1.032967565,0.933833338,1.172671901,1.647968057,0.036369556,0.040781709,0.039480145,0.073382017,0.10389268,0.024533329
28,Phyllospadix,Day,2,Before,Removal,Before_Removal,1,7/9/2019,10:23:00,10.82,34.7,13.5,0.671528,0.69821216,3.5812302,8.274446438,1856.803691,2173.395645,3.272447117,1047.71,1.84,0.4,1.096943931,0.926921361,1.608776755,1.699188102,0.037655224,0.042326136,0.038585505,0.064454649,0.043275128,0.010682505
29,Phyllospadix,Day,2,Before,Control,Before_Control,1,7/9/2019,10:25:00,12.35,34.6,13.9,0.5585305,0.397572,6.597003,8.483792729,1705.387755,2157.60756,4.605741459,1010.82,1.6,0.37,0.979434769,0.897062767,1.330905351,1.677219346,0.047685588,0.050986928,0.052057502,0.089531129,0.111441071,0.031760796
30,Mytilus,Day,2,Before,Control,Before_Control,1,7/9/2019,10:28:00,9.01,34.6,13.5,1.284943,3.104848,9.535164,7.790204497,1970.125904,2066.901212,1.220625999,537.79,1.07,0.16,1.051095079,0.96919959,1.174251224,1.749348596,0.044275104,0.050392122,0.047942496,0.113914827,0.107045003,0.021006638
31,Mytilus,Day,2,Before,Control,Before_Control,1,7/9/2019,10:32:00,7.6,34.5,13.8,1.594879,3.8091184,11.309148,7.511639005,2125.882911,2141.313178,0.705536388,480.25,1.37,0.15,1.124258073,1.025524628,1.041917554,1.723111808,0.038143561,0.046584999,0.041436215,0.096072613,0.099617902,0.0188348
32,Mytilus,Day,2,Before,Removal,Before_Removal,1,7/9/2019,10:35:00,6.98,34.8,13.2,1.498024,4.202904,12.972258,7.538983046,2069.42177,2091.205472,0.717773512,541.08,1.49,0.08,1.131546861,0.889190858,0.952086319,1.70196642,0.036243658,0.042144095,0.037244675,0.092861246,0.129410122,0.036452836
Ocean,Ocean,Day,1,Before,Ocean,Before_Ocean,4,7/8/2019,12:31:00,10.23,34.4,13.1,0.716727,0.8254352,2.3505288,8.135896888,1961.530569,2200.009584,2.538821385,NA,NA,NA,NA,NA,NA,NA,NA,NA,NA,NA,NA,NA
1,Phyllospadix,Day,1,Before,Control,Before_Control,4,7/8/2019,12:40:00,12.37,34.9,14.9,0.723184,1.5675696,6.707877,8.134992454,1943.811615,2199.253296,2.709463205,NA,NA,NA,NA,NA,NA,NA,NA,NA,NA,NA,NA,NA
2,Phyllospadix,Day,1,Before,Removal,Before_Removal,4,7/8/2019,12:55:00,15.93,35.5,17,0.787754,0.44830976,4.213212,8.529326062,1557.599661,2072.508319,5.139947521,NA,NA,NA,NA,NA,NA,NA,NA,NA,NA,NA,NA,NA
3,Phyllospadix,Day,1,Before,Removal,Before_Removal,4,7/8/2019,12:47:00,13.32,35.2,15.9,0.975007,0.4770864,4.2021246,8.419487511,1743.237006,2182.650403,4.497313462,NA,NA,NA,NA,NA,NA,NA,NA,NA,NA,NA,NA,NA
4,Phyllospadix,Day,1,Before,Control,Before_Control,4,7/8/2019,12:49:00,11.78,34.9,18.5,0.6360145,0.7724256,9.4575522,8.412589787,1609.784003,2050.019858,4.465166153,NA,NA,NA,NA,NA,NA,NA,NA,NA,NA,NA,NA,NA
5,Phyllospadix,Day,1,Before,Control,Before_Control,4,7/8/2019,12:51:00,12.63,35.8,18,0.5759644,0.870872,4.5014844,8.331069809,1667.946491,2058.324137,3.931983167,NA,NA,NA,NA,NA,NA,NA,NA,NA,NA,NA,NA,NA
6,Phyllospadix,Day,1,Before,Removal,Before_Removal,4,7/8/2019,12:52:00,10.47,35.6,19.9,0.923351,4.581544,14.41362,8.304099965,1550.492238,1923.525687,3.697937528,NA,NA,NA,NA,NA,NA,NA,NA,NA,NA,NA,NA,NA
7,Phyllospadix,Day,1,Before,Removal,Before_Removal,4,7/8/2019,13:04:00,11.49,35.4,14.9,1.252658,0.5225232,5.4217386,8.184524533,1970.472847,2262.05877,3.070174947,NA,NA,NA,NA,NA,NA,NA,NA,NA,NA,NA,NA,NA
8,Phyllospadix,Day,1,Before,Control,Before_Control,4,7/8/2019,13:06:00,9.16,34.9,18.4,2.602171,2.385432,17.18547,8.053282714,1868.818856,2104.79222,2.501928899,NA,NA,NA,NA,NA,NA,NA,NA,NA,NA,NA,NA,NA
9,Mytilus,Day,1,Before,Control,Before_Control,4,7/8/2019,13:11:00,8.98,36.5,16.7,2.32452,9.163088,20.400816,7.554653056,2033.750889,2079.014392,0.866690017,NA,NA,NA,NA,NA,NA,NA,NA,NA,NA,NA,NA,NA
10,Mytilus,Day,1,Before,Removal,Before_Removal,4,7/8/2019,13:12:00,8.61,36.2,16,4.435959,16.887344,23.616162,7.582826478,1989.671303,2041.491084,0.87509513,NA,NA,NA,NA,NA,NA,NA,NA,NA,NA,NA,NA,NA
11,Mytilus,Day,1,Before,Removal,Before_Removal,4,7/8/2019,13:13:00,6.21,35.5,17.1,2.5828,12.11648,25.50102,7.365472794,2004.670281,1995.134558,0.551540005,NA,NA,NA,NA,NA,NA,NA,NA,NA,NA,NA,NA,NA
12,Mytilus,Day,1,Before,Control,Before_Control,4,7/8/2019,13:15:00,11.68,34.7,20.9,1.756304,3.4986336,12.417888,8.038375478,1625.987564,1851.484783,2.312129836,NA,NA,NA,NA,NA,NA,NA,NA,NA,NA,NA,NA,NA
13,Mytilus,Day,1,Before,Control,Before_Control,4,7/8/2019,13:17:00,6.63,35.7,19.7,2.847537,8.254352,33.151326,7.393315528,1867.599383,1876.960085,0.611885891,NA,NA,NA,NA,NA,NA,NA,NA,NA,NA,NA,NA,NA
14,Mytilus,Day,1,Before,Control,Before_Control,4,7/8/2019,13:19:00,6.03,37.6,15.5,3.609463,12.49512,28.82724,7.483068352,2185.228835,2208.282829,0.765141263,NA,NA,NA,NA,NA,NA,NA,NA,NA,NA,NA,NA,NA
15,Mytilus,Day,1,Before,Removal,Before_Removal,4,7/8/2019,13:20:00,7.79,35.3,19.3,1.640078,3.6879536,14.524494,7.880789536,1768.685523,1925.448324,1.701871045,NA,NA,NA,NA,NA,NA,NA,NA,NA,NA,NA,NA,NA
16,Mytilus,Day,1,Before,Removal,Before_Removal,4,7/8/2019,13:23:00,6.73,34.5,19.3,2.098525,18.704816,18.959454,7.482405022,1803.027498,1831.502564,0.699975519,NA,NA,NA,NA,NA,NA,NA,NA,NA,NA,NA,NA,NA
Ocean,Ocean,Day,2,Before,Ocean,Before_Ocean,4,7/9/2019,13:08:00,10.1,34.5,12.9,0.626329,2.4838784,4.1356002,8.126586063,1908.141172,2136.502118,2.407057887,NA,NA,NA,NA,NA,NA,NA,NA,NA,NA,NA,NA,NA
17,Mytilus,Day,2,Before,Removal,Before_Removal,4,7/9/2019,13:14:00,9.84,34.2,17.4,1.956471,3.2032944,19.181202,7.923355047,1570.108212,1717.065267,1.51242472,NA,NA,NA,NA,NA,NA,NA,NA,NA,NA,NA,NA,NA
18,Phyllospadix,Day,2,Before,Control,Before_Control,4,7/9/2019,13:20:00,9.37,34.9,16,1.181631,1.249512,9.257979,7.929803523,1905.70259,2067.103794,1.783480048,NA,NA,NA,NA,NA,NA,NA,NA,NA,NA,NA,NA,NA
19,Mytilus,Day,2,Before,Control,Before_Control,4,7/9/2019,13:17:00,10.11,34.7,15.7,2.046869,3.4986336,13.526628,7.904825004,1791.228119,1935.138547,1.563515273,NA,NA,NA,NA,NA,NA,NA,NA,NA,NA,NA,NA,NA
20,Phyllospadix,Day,2,Before,Control,Before_Control,4,7/9/2019,13:24:00,17.31,34.7,15.5,1.433454,0.8254352,7.4507328,8.478012132,1558.334518,2002.40702,4.402591141,NA,NA,NA,NA,NA,NA,NA,NA,NA,NA,NA,NA,NA
21,Phyllospadix,Day,2,Before,Removal,Before_Removal,4,7/9/2019,13:27:00,11.66,34.3,17.5,1.562594,3.5743616,9.6793002,8.391707956,1583.97693,1986.410009,4.044327611,NA,NA,NA,NA,NA,NA,NA,NA,NA,NA,NA,NA,NA
22,Phyllospadix,Day,2,Before,Removal,Before_Removal,4,7/9/2019,13:28:00,10.53,34.9,16.6,1.426997,4.202904,8.7923082,8.111262457,1954.157068,2212.682292,2.762354386,NA,NA,NA,NA,NA,NA,NA,NA,NA,NA,NA,NA,NA
23,Mytilus,Day,2,Before,Removal,Before_Removal,4,7/9/2019,13:33:00,8.1,34.2,17.6,1.207459,6.588336,14.746242,7.66350521,1631.644252,1698.886825,0.88920495,NA,NA,NA,NA,NA,NA,NA,NA,NA,NA,NA,NA,NA
24,Mytilus,Day,2,Before,Removal,Before_Removal,4,7/9/2019,13:35:00,8.92,34.3,16.4,1.878987,3.0897024,19.181202,7.681655558,1786.099466,1857.540608,0.968112671,NA,NA,NA,NA,NA,NA,NA,NA,NA,NA,NA,NA,NA
25,Mytilus,Day,2,Before,Control,Before_Control,4,7/9/2019,13:37:00,8.63,35,14.8,3.021876,7.724256,25.722768,7.461797891,2112.24412,2119.840332,0.6563683,NA,NA,NA,NA,NA,NA,NA,NA,NA,NA,NA,NA,NA
26,Phyllospadix,Day,2,Before,Removal,Before_Removal,4,7/9/2019,13:40:00,5.25,35.1,15.1,0.749012,2.2642672,7.7168304,8.224542801,1902.628422,2211.618133,3.229628761,NA,NA,NA,NA,NA,NA,NA,NA,NA,NA,NA,NA,NA
27,Phyllospadix,Day,2,Before,Control,Before_Control,4,7/9/2019,13:43:00,9.07,35,14.2,1.885444,2.3702864,8.2712004,7.927971537,2102.864694,2262.964737,1.830434333,NA,NA,NA,NA,NA,NA,NA,NA,NA,NA,NA,NA,NA
28,Phyllospadix,Day,2,Before,Removal,Before_Removal,4,7/9/2019,13:45:00,9.83,35,15.4,0.665071,0.8784448,3.3040452,8.442958218,1659.266287,2094.481777,4.389035819,NA,NA,NA,NA,NA,NA,NA,NA,NA,NA,NA,NA,NA
29,Phyllospadix,Day,2,Before,Control,Before_Control,4,7/9/2019,13:46:00,15.39,34.9,17.2,0.8297245,0.5982512,6.65244,8.80751382,1202.200385,1865.748954,6.314957988,NA,NA,NA,NA,NA,NA,NA,NA,NA,NA,NA,NA,NA
30,Mytilus,Day,2,Before,Control,Before_Control,4,7/9/2019,13:49:00,7.46,34.6,15.8,2.892736,12.11648,22.840044,7.560709139,1979.62525,2018.268147,0.799397968,NA,NA,NA,NA,NA,NA,NA,NA,NA,NA,NA,NA,NA
31,Mytilus,Day,2,Before,Control,Before_Control,4,7/9/2019,13:51:00,6.7,34.2,16.4,2.272864,6.8836752,19.735572,7.446674619,2098.906983,2105.539715,0.662844038,NA,NA,NA,NA,NA,NA,NA,NA,NA,NA,NA,NA,NA
32,Mytilus,Day,2,Before,Removal,Before_Removal,4,7/9/2019,13:52:00,7.67,34.7,14.9,2.13081,6.0128032,18.405084,7.608998185,2005.130885,2053.771719,0.873509119,NA,NA,NA,NA,NA,NA,NA,NA,NA,NA,NA,NA,NA
Ocean,Ocean,Day,1,Before,Ocean,Before_Ocean,5,7/8/2019,13:31:00,8.41,34.5,13.3,0.690899,1.1132016,1.9735572,8.17929179,1921.236974,2182.808324,2.750328999,677.13,0.15,1.09,0.960126619,0.850849999,1.490476291,1.771296117,0.024889881,0.026973718,0.028093917,0.030328043,0.040169804,0.001216182
1,Phyllospadix,Day,1,Before,Control,Before_Control,5,7/8/2019,13:39:00,11.89,35.2,16.1,0.794211,2.1052384,4.9671552,8.223830019,1879.35407,2196.353682,3.309629725,698.19,0.44,0.25,1.082278196,0.877355505,1.029458593,1.651344912,0.072955471,0.083613644,0.077257071,0.148004219,0.235256276,0.044804681
2,Phyllospadix,Day,1,Before,Removal,Before_Removal,5,7/8/2019,13:41:00,14.83,34.8,19,1.084776,0.55811536,5.9095842,8.566711436,1502.124272,2057.596964,5.606731882,725.26,0.32,0.03,NA,NA,NA,NA,NA,NA,NA,NA,NA,NA
3,Phyllospadix,Day,1,Before,Removal,Before_Removal,5,7/8/2019,13:43:00,14.24,35.2,17.3,0.787754,0.32714496,8.0494524,8.462869238,1681.541405,2164.36571,4.940922638,835.87,0.16,0.13,1.050189148,0.972059316,0.742954215,1.632033887,0.067385786,0.077428039,0.073727708,0.166679675,0.424239246,0.048292818
4,Phyllospadix,Day,1,Before,Control,Before_Control,5,7/8/2019,13:49:00,9.92,36.6,19.3,0.755469,0.870872,8.3598996,8.427714485,1543.790193,2013.323766,4.621705158,523.03,0.12,0.2,0.98811943,0.816416926,0.838896731,1.608170696,0.111330392,0.121103317,0.122559392,0.251403742,0.630012226,0.087151231
5,Phyllospadix,Day,1,Before,Control,Before_Control,5,7/8/2019,13:54:00,7.77,35.8,22.4,0.71027,1.4312592,5.7543606,8.226828275,1637.517643,1997.562756,3.676089634,803.51,0.39,0.19,1.053552102,0.872266795,1.849878576,1.733440667,0.162290796,0.185403032,0.175978988,0.260183893,0.231471157,0.03492679
6,Phyllospadix,Day,1,Before,Removal,Before_Removal,5,7/8/2019,14:00:00,9.88,34.6,18.1,0.994378,5.831056,10.7326032,8.295908364,1583.427165,1927.174013,3.437848597,491.28,0.27,0.43,1.081459533,0.890123173,1.673740065,1.681681263,0.208142535,0.2390671,0.221059681,0.368794644,0.311174382,0.054869245
7,Phyllospadix,Day,1,Before,Removal,Before_Removal,5,7/8/2019,14:02:00,10.8,34.6,16.1,1.278486,1.1056288,7.3287714,8.166117257,1993.690798,2281.37481,3.088064758,926.39,0.91,0.45,1.157853473,0.959935559,0.531095072,1.48108546,0.08855053,0.107160863,0.092551316,0.418392095,0.530559691,0.078466132
8,Phyllospadix,Day,1,Before,Control,Before_Control,5,7/8/2019,14:05:00,9.54,36.3,21.6,2.3019205,2.2756264,16.797411,8.027907117,1819.407835,2072.90464,2.658681929,873.43,0.44,0.32,1.103842683,0.783139428,2.258969026,1.604712412,0.140401457,0.156055476,0.141374744,0.203037141,0.123156192,0.025830621
9,Mytilus,Day,1,Before,Control,Before_Control,5,7/8/2019,14:21:00,7.77,36.6,18.9,2.51823,9.84464,21.398682,7.434478564,2061.777604,2080.410017,0.729500168,454.8,0.6,0.19,0.917742769,0.834161238,1.544192373,1.76254814,0.095050413,0.098870836,0.107732624,0.180949934,0.158182889,0.038302541
10,Mytilus,Day,1,Before,Removal,Before_Removal,5,7/8/2019,14:23:00,7.93,35.7,18,4.674868,19.537824,23.394414,7.493952875,2047.307082,2079.967613,0.789882705,445.41,0.55,0.2,1.136159021,0.997224052,0.566215492,1.406785968,0.131848707,0.150202957,0.132202406,0.92081686,0.502081927,0.151290386
11,Mytilus,Day,1,Before,Removal,Before_Removal,5,7/8/2019,14:26:00,4.85,36.1,19.5,2.957306,12.267936,23.505288,7.345527628,2046.858478,2041.029679,0.598892702,326.17,0.92,0.09,1.018876603,0.896388896,1.864363945,1.657080001,0.066436798,0.073561109,0.072198251,0.126371102,0.088399845,0.009825575
12,Mytilus,Day,1,Before,Control,Before_Control,5,7/8/2019,14:19:00,13.34,34.6,24.2,2.395547,8.481536,20.844312,8.011354978,1554.651675,1785.209411,2.3636347619999998,516.91,1.21,0.25,0.952635877,1.56067174,1.594197717,1.899548496,0.221935717,0.282582444,0.296632166,0.767228541,0.951869773,0.209415936
13,Mytilus,Day,1,Before,Control,Before_Control,5,7/8/2019,14:15:00,5.87,36.6,20.4,3.03479,11.586384,46.788828,7.273731318,1876.253883,1857.182159,0.485144698,294.99,0.51,0.04,1.086283194,1.266586163,0.793972723,1.653160299,0.256432572,0.320299946,0.294858604,1.617145153,1.260467882,0.320070667
14,Mytilus,Day,1,Before,Control,Before_Control,5,7/8/2019,14:11:00,7.8,33.1,22.1,3.183301,10.60192,32.818704,7.409678315,2173.562781,2187.972506,0.780480307,431.87,0.72,0.76,NA,NA,NA,NA,NA,NA,NA,NA,NA,NA
15,Mytilus,Day,1,Before,Removal,Before_Removal,5,7/8/2019,14:12:00,9.2,35.4,17.7,0.962093,1.9159184,9.368853,7.47066735,1803.993008,1824.963258,0.648443518,720.75,1,1.08,0.84712278,0.786866486,0.444320387,1.280636734,0.112767578,0.134993599,0.159355412,0.687527906,0.840186818,0.150829351
16,Mytilus,Day,1,Before,Removal,Before_Removal,5,7/8/2019,14:29:00,6.1,35.1,21.4,2.247036,23.28636,22.063926,7.439587191,2099.724531,2125.19446,0.812760078,341.38,0.45,0.21,1.023820255,0.966212381,1.622993821,1.658347227,0.113534885,0.130162304,0.127133941,0.306216099,0.183233143,0.056124697
Ocean,Ocean,Day,2,Before,Ocean,Before_Ocean,5,7/9/2019,14:03:00,10.16,34.5,13,0.4022711,1.8023264,2.5057524,8.101822685,1945.945172,2164.963392,2.337388016,760.33,2.77,0.92,1.16951533,0.959703014,0.878806206,1.583864555,0.031945959,0.037996236,0.032488874,0.131807327,0.080489878,0.002870565
17,Mytilus,Day,2,Before,Removal,Before_Removal,5,7/9/2019,14:12:00,9.43,33.8,17.5,2.395547,4.0211568,21.842178,7.444008214,1631.221065,1643.720699,0.531713902,203.19,0.64,0.12,1.100676389,0.471442929,0.572038597,1.608350763,0.35729439,0.402818684,0.365973766,1.47336431,0.612647461,0.211746315
18,Phyllospadix,Day,2,Before,Control,Before_Control,5,7/9/2019,14:26:00,8.64,34.7,16.4,1.433454,1.3328128,15.189738,7.86974828,1886.561747,2024.662976,1.566861325,569.61,0.39,0.17,1.012093954,0.839642494,0.849618761,1.46156702,0.075428394,0.085253789,0.084235054,0.315462409,0.195659385,0.05849409
19,Mytilus,Day,2,Before,Control,Before_Control,5,7/9/2019,14:16:00,9.81,34.4,16.1,1.795046,4.6118352,19.624698,7.836335456,1694.176593,1810.018295,1.28508076,237.3,0.59,0.09,0.980692199,0.965358185,1.324635957,1.694951603,0.066641061,0.074230432,0.075691876,0.223473025,0.132262073,0.038239468
20,Phyllospadix,Day,2,Before,Control,Before_Control,5,7/9/2019,14:22:00,17.84,34.8,15.7,1.323685,1.060192,7.6835682,8.449533897,1554.26013,1978.907101,4.194804112,537.99,0.67,0.43,1.279375599,0.98098192,0.858291297,1.269768612,0.077834894,0.094384341,0.073773754,0.272482838,0.155166778,0.062576998
21,Phyllospadix,Day,2,Before,Removal,Before_Removal,5,7/9/2019,14:19:00,10.98,34.2,17.4,1.188088,3.1957216,11.752644,8.294781684,1688.73099,2035.0983,3.54629382,395.23,0.4,0.13,1.119865988,1.105383532,1.540713961,1.78492887,0.165829767,0.213955392,0.19105446,0.32677126,0.252391752,0.059265504
22,Phyllospadix,Day,2,Before,Removal,Before_Removal,5,7/9/2019,14:23:00,11.76,34.6,16.9,1.911272,3.937856,11.198274,7.550845076,2224.559271,2264.693856,0.918284724,677.8,0.67,0.53,1.083914268,1.088493851,1.341266263,1.868130622,0.174569227,0.209997738,0.193740173,0.450954667,0.217874543,0.092850215
23,Mytilus,Day,2,Before,Removal,Before_Removal,5,7/9/2019,14:52:00,8.27,32.5,17.3,1.465739,9.390272,18.626832,7.510283041,1567.429242,1591.106515,0.576322744,387.75,11.5,0.93,1.021788524,0.81221954,0.770378856,1.704094495,0.111132896,0.126950619,0.124243536,0.606691987,0.505374316,0.141899515
24,Mytilus,Day,2,Before,Removal,Before_Removal,5,7/9/2019,14:56:00,8.27,33.3,16.4,2.305149,4.733,34.592688,7.615593277,1747.843988,1797.974092,0.800810268,263.83,21.88,0.4,0.74067422,0.80630475,1.308392626,1.389946124,0.16580671,0.147889725,0.199669059,0.690725945,0.274454839,0.10822607
25,Mytilus,Day,2,Before,Control,Before_Control,5,7/9/2019,14:58:00,5.38,34.5,15.1,3.364097,6.3157152,25.833642,7.421506391,2034.918625,2032.224082,0.577717089,433.39,2.91,2.72,1.252646954,1.18323809,1.281993803,1.762253606,0.080891874,0.110983617,0.088599279,0.191251521,0.104749899,0.043270491
26,Phyllospadix,Day,2,Before,Removal,Before_Removal,5,7/9/2019,14:32:00,9.81,34.2,14.1,0.955636,1.6963072,4.3906104,8.220263269,1932.143157,2224.476872,3.089055255,1341.97,3.86,1.52,1.03063337,0.560968134,2.175122113,2.235070757,0.21330506,0.206355586,0.200222108,0.21567351,0.13787607,0.059127197
27,Phyllospadix,Day,2,Before,Control,Before_Control,5,7/9/2019,14:34:00,8.71,33.9,14.6,1.252658,1.0299008,7.6724808,8.224120324,1858.539313,2148.54289,3.036465033,879.75,69.78,2.65,1.465862993,1.24368067,1.373206019,1.853151762,0.443928127,0.550391445,0.375472638,1.427800428,0.901744847,0.262887139
28,Phyllospadix,Day,2,Before,Removal,Before_Removal,5,7/9/2019,14:36:00,12.23,34,14.9,0.684442,0.8102896,2.3172666,8.378145547,1769.460219,2155.692324,3.99704211,1251.33,3.01,1.12,1.319981318,0.689780073,0.898918683,1.216241042,0.081924398,0.089678957,0.067939566,0.213367883,0.114252942,0.043662527
29,Phyllospadix,Day,2,Before,Control,Before_Control,5,7/9/2019,14:37:00,15.07,33.7,17.6,1.4883385,0.9352408,5.1611847,8.4535243349999991,1646.457829,2102.301706,4.705722152,639.28,92.15,5.61,1.062610915,0.885349,1.557744669,1.686729349,0.094279661,0.109413472,0.102966637,0.190468267,0.117354208,0.064635169
30,Mytilus,Day,2,Before,Control,Before_Control,5,7/9/2019,14:48:00,6.29,33.8,15.6,3.512608,13.403856,29.93598,7.523325905,1917.705767,1943.792772,0.6947571,312.02,0.48,0.21,1.081563293,0.930250602,1.558926484,1.682702493,0.096990851,0.108491301,0.100309711,0.214685328,0.136511532,0.044945489
31,Mytilus,Day,2,Before,Control,Before_Control,5,7/9/2019,14:47:00,8.03,33.5,16.4,2.931478,8.784448,25.722768,7.444076995,2012.811918,2018.45517,0.623732088,180.76,14.99,1.03,1.002848835,0.879305547,1.235375841,1.730610239,0.069375265,0.074969664,0.074756695,0.16823169599999999,0.115723015,0.030302531
32,Mytilus,Day,2,Before,Removal,Before_Removal,5,7/9/2019,14:49:00,6.62,34.5,15.1,2.460117,8.254352,20.068194,7.538337468,1909.002196,1938.032516,0.710468043,281.94,5.92,0.39,0.860256768,1.000729946,1.580483522,1.518681944,0.070610915,0.077664518,0.090280624,0.234883129,0.141498029,0.035719185
Ocean,Ocean,Night,2,Before,Ocean,Before_Ocean,1,7/12/2019,01:17:00,8.06,33.2,15.2,0.6108322,0.53842608,7.5172572,7.97335645,1999.02192,2169.269149,1.936686169,1353.55,13.4,3.01,1.156209098,0.988504384,0.535177806,1.58385929,0.033583959,0.038270116,0.03309965,0.157656334,0.180126446,0.046388004
1,Phyllospadix,Night,2,Before,Control,Before_Control,1,7/12/2019,01:27:00,6.19,33.1,15.5,0.4364932,0.29420328,7.6281312,7.9872855,1949.09145,2123.929468,1.96573557,1305.04,10.48,2,1.169440839,0.935173721,0.773582031,1.619540449,0.047475299,0.054811973,0.046870241,0.152183644,0.159603933,0.052378855
2,Phyllospadix,Night,2,Before,Removal,Before_Removal,1,7/12/2019,01:29:00,6.41,33.1,15.4,0.4816922,0.17493168,3.8362404,8.012734064,1938.720404,2123.699628,2.058130413,1278.62,10.26,2.08,1.27022176,1.06250014,0.845678055,1.647892346,0.054102201,0.067541043,0.053172639,0.14760631,0.092275031,0.044102134
3,Phyllospadix,Night,2,Before,Removal,Before_Removal,1,7/12/2019,01:30:00,6.37,33.1,15.4,0.5527192,0.8027168,8.7701334,7.99475175,2004.653011,2185.457056,2.046823806,1257.8,10.77,2.02,1.37053109,1.189159486,1.035795458,1.237894161,0.047053071,0.061432137,0.0448236,0.148899417,0.084068876,0.046880966
4,Phyllospadix,Night,2,Before,Control,Before_Control,1,7/12/2019,01:32:00,5.26,33.1,15.5,0.3435124,0.45663984,4.2797364,7.896163018,2047.457297,2188.913993,1.691688689,1125.68,8.01,1.75,1.167873983,1.017723649,0.45053812,1.07262635,0.057709695,0.071589582,0.061299064,0.26918432,0.318904323,0.069704559
5,Phyllospadix,Night,2,Before,Control,Before_Control,1,7/12/2019,01:33:00,4.28,33.1,15.5,0.5243084,0.60279488,6.5083038,7.77303172,2182.188606,2282.149326,1.37129776,1123.92,5.95,1,1.201739874,0.993907317,0.657810754,1.191449046,0.064386475,0.080536388,0.06701649,0.23096985,0.216944461,0.078410482
6,Phyllospadix,Night,2,Before,Removal,Before_Removal,1,7/12/2019,01:34:00,3.17,33.1,15.5,0.3945227,0.5755328,7.3065966,7.700236577,2195.902059,2271.047193,1.171323373,938.1,4.61,1.03,1.101363343,0.994062164,1.436033198,1.685654376,0.068572533,0.084356003,0.076592346,0.132959232,0.16310578,0.022122756
7,Phyllospadix,Night,2,Before,Removal,Before_Removal,1,7/12/2019,01:43:00,6.71,33,15.3,0.665071,0.8481536,7.5726942,7.919048063,2047.412412,2196.752673,1.761821807,1651.01,14.21,2.21,1.211735341,0.996522742,0.793446015,1.445156808,0.054290293,0.066742858,0.055080392,0.192494445,0.179745471,0.051337188
8,Phyllospadix,Night,2,Before,Control,Before_Control,1,7/12/2019,01:44:00,5.23,33.3,15.2,1.0169775,0.3010188,17.73984,7.820637854,2063.997562,2177.325503,1.430753034,1254.78,11.76,1.75,1.175579737,1.157504146,0.744648206,1.184979021,0.066524188,0.085279617,0.072542606,0.214233996,0.198588415,0.086273368
9,Mytilus,Night,2,Before,Control,Before_Control,1,7/12/2019,01:48:00,3.61,33.3,15.1,0.6250376,1.022328,10.754778,7.56227154,2015.8673,2046.620063,0.775386821,921.64,7,0.3,0.998884556,0.992686508,0.989925093,1.794107333,0.057729696,0.069748605,0.069826493,0.213631418,0.258563184,0.083779911
10,Mytilus,Night,2,Before,Removal,Before_Removal,1,7/12/2019,01:50:00,2.96,33.3,15.1,1.046034,2.6201888,20.622564,7.506521057,2062.104333,2077.678797,0.697512568,1199.81,10.65,1.52,1.372311105,0.778602082,0.406137036,1.284302433,0.072431302,0.082740213,0.060292606,0.487058323,0.3271539,0.111230144
11,Mytilus,Night,2,Before,Removal,Before_Removal,1,7/12/2019,01:52:00,2.85,33.3,15.1,0.684442,2.4838784,25.057524,7.429287246,2034.871732,2028.98912,0.575288241,544.76,2.3,0.15,1.032382647,1.029295413,0.670571236,1.68556979,0.101824711,0.135852863,0.131591579,0.704887098,0.357553247,0.110684601
12,Mytilus,Night,2,Before,Control,Before_Control,1,7/12/2019,01:56:00,4.41,33.3,15.2,0.736098,1.7871808,16.6311,7.519681701,2017.309791,2036.741415,0.70631445,1113.9,6.22,2.23,1.168457126,1.386661996,0.910625308,1.893490256,0.107001979,0.160260728,0.137155848,0.583594508,0.305252236,0.064378187
13,Mytilus,Night,2,Before,Control,Before_Control,1,7/12/2019,01:58:00,4.11,33.3,15.1,0.975007,2.0673744,24.503154,7.507263907,2019.087549,2034.977173,0.684136117,975.34,5.49,0.29,1.161460454,1.061982063,0.405510137,1.262951726,0.057799001,0.070540728,0.060734507,0.494835287,0.513137944,0.14712265
14,Mytilus,Night,2,Before,Control,Before_Control,1,7/12/2019,01:59:00,3.75,33.3,15.1,1.000835,2.0219376,19.846446,7.447971139,2010.465843,2010.284343,0.593676403,692.18,4.55,0.3,0.961102462,0.559908492,0.528533568,2.329978589,0.253987179,0.26876088,0.279638114,0.751570738,0.442308081,0.124076539
15,Mytilus,Night,2,Before,Removal,Before_Removal,1,7/12/2019,02:01:00,4.5,33.3,15.1,0.865238,1.1132016,19.292076,7.534302464,2067.266853,2090.434763,0.745580228,1132.97,7.77,0.73,1.39178943,1.174726168,0.351857985,1.661504868,0.059163541,0.07672212,0.055124805,0.496959543,0.457178762,0.126350824
16,Mytilus,Night,2,Before,Removal,Before_Removal,1,7/12/2019,02:20:00,3.33,33.2,15.3,0.723184,3.6197984,15.965856,7.404667307,2066.827425,2054.186607,0.55517705,754.78,3.03,0.07,1.608988403,0.826772097,0.556849408,1.420536404,0.117252653,0.147943335,0.091948043,0.74426411,0.354797467,0.107359975
Ocean,Ocean,Night,1,Before,Ocean,Before_Ocean,1,7/11/2019,00:23:00,8.62,33.3,14.6,0,0.9011632,7.6724808,7.939074938,1994.192253,2145.748303,1.754120197,1479.06,17.21,2.72,1.251553855,0.920195736,1.175064005,1.535126759,0.030599992,0.035817062,0.028618075,0.078580445,0.061744933,0.026584967
17,Mytilus,Night,1,Before,Removal,Before_Removal,1,7/11/2019,01:19:00,7.31,33.3,14.6,1.362427,0.8784448,16.6311,7.45262364,2178.964851,2176.816014,0.637188595,764.06,5.56,0.26,0.99551539,1.176572943,1.022639589,1.854188001,0.17908756,0.247607341,0.248722766,0.739866085,0.393455403,0.133181138
18,Phyllospadix,Night,1,Before,Control,Before_Control,1,7/11/2019,01:26:00,5.13,33.4,14.7,0.6166435,1.0071824,7.9385784,7.621188945,2107.93383,2154.832639,0.914739052,2802.22,7.04,0.35,1.252116248,1.364832035,0.482471791,1.277271397,0.06604858,0.089914698,0.071810184,0.557780552,0.307065212,0.092422179
19,Mytilus,Night,1,Before,Control,Before_Control,1,7/11/2019,01:17:00,3.57,33.4,14.5,1.16226,1.4161136,29.048988,7.495008014,2118.375314,2128.565184,0.682054809,449.41,3.6,0.09,1.207466189,1.013206973,0.965493173,1.605022793,0.048152164,0.060382912,0.050007952,0.166560413,0.100258036,0.037967089
20,Phyllospadix,Night,1,Before,Control,Before_Control,1,7/11/2019,01:13:00,5.55,33.3,14.5,0.729641,0.42331952,5.5215252,7.852876595,2069.499963,2190.744102,1.498989029,1515.75,16.02,1.76,1.095765238,0.92558907,0.863811112,1.648284085,0.039553308,0.045654126,0.041664149,0.081752828,0.140866243,0.041208361
21,Phyllospadix,Night,1,Before,Removal,Before_Removal,1,7/11/2019,01:12:00,5.42,32.3,14.6,0.4681325,0.31199936,9.4575522,7.724013402,2145.394599,2220.411826,1.146691277,992.68,8.12,0.44,1.030460528,1.004103644,1.065918818,1.485053083,0.05378726,0.063438317,0.061563074,0.222755556,0.212433012,0.047481353
22,Phyllospadix,Night,1,Before,Removal,Before_Removal,1,7/11/2019,01:09:00,4.91,33.2,14.6,0.923351,0.13933952,11.863518,7.721253775,2166.84116,2245.056054,1.17111983,1888.17,14.68,2.04,1.119872219,0.845850247,1.190535814,1.592867682,0.053496174,0.064510671,0.057605385,0.107157662,0.117505319,0.034667083
23,Mytilus,Night,1,Before,Removal,Before_Removal,1,7/11/2019,01:04:00,3.35,33.2,14.6,0.761926,1.2343664,18.84858,7.375724838,1993.770794,1972.06649,0.486151114,1015.05,4.56,0.03,1.134528681,1.049850881,1.031134251,1.565580504,0.040684711,0.04849528,0.042744869,0.104035608,0.155199125,0.043231835
25,Mytilus,Night,1,Before,Control,Before_Control,1,7/11/2019,01:00:00,4.15,33.3,14.6,1.452825,2.1431024,29.159862,7.41063369,2096.886031,2083.921842,0.555959331,1064.16,3.83,0.23,1.380644732,1.538162359,0.672786565,2.062100832,0.117420551,0.193004844,0.139793272,0.5169195,0.349637869,0.105745416
26,Phyllospadix,Night,1,Before,Removal,Before_Removal,1,7/11/2019,00:55:00,6.71,33,14.6,0.06450543,1.173784,10.200408,7.923271048,2051.814459,2198.152245,1.733663157,1213.69,15.18,1.5,0.985796914,1.424140718,1.527534593,2.026629291,0.123951279,0.182250975,0.184876796,0.190511514,0.251910269,0.061466867
27,Phyllospadix,Night,1,Before,Control,Before_Control,1,7/11/2019,00:53:00,6.96,33.2,14.6,0.2944392,0.3180576,4.6788828,7.9570233,2027.998596,2188.475933,1.852010859,1610.81,17.51,2.06,1.243649216,0.91692416,0.845807196,1.191149311,0.052253376,0.060743949,0.048843314,0.149706755,0.090536116,0.037923725
28,Phyllospadix,Night,1,Before,Removal,Before_Removal,1,7/11/2019,00:50:00,5.83,33.2,14.6,0.4661954,0.40211568,2.8051122,7.842407232,2103.853228,2222.229872,1.491971826,1362.16,15.02,1.39,1.104325152,1.323495306,1.335482149,1.931169789,0.06783956,0.096128043,0.087046865,0.141078767,0.113327698,0.034799073
29,Phyllospadix,Night,1,Before,Control,Before_Control,1,7/11/2019,00:49:00,6.57,33.2,14.7,0.4423045,0,8.537298,7.850040862,2078.611925,2199.483038,1.505264824,1709.31,17.11,2.12,1.145979453,0.927249827,0.765883207,1.534713046,0.042646419,0.048920478,0.042688791,0.119856468,0.147860277,0.043458779
30,Mytilus,Night,1,Before,Control,Before_Control,1,7/11/2019,00:45:00,4.6,33.2,14.6,1.078319,3.21844,27.607626,7.586606468,2081.715043,2117.814089,0.828068859,907.79,9.06,0.28,1.275904679,1.056515459,0.33166784,1.133508387,0.064982751,0.084877683,0.06652353,0.652643747,0.436465621,0.182474236
31,Mytilus,Night,1,Before,Control,Before_Control,1,7/11/2019,00:43:00,3.03,33.2,14.6,1.188088,1.8704816,20.400816,7.466028719,2080.522618,2082.775832,0.626461512,942.83,5.21,0.1,1.074366691,1.056838681,0.441582477,1.310445591,0.061635483,0.078053089,0.072650325,0.753453236,0.440175925,0.108607197
32,Mytilus,Night,1,Before,Removal,Before_Removal,1,7/11/2019,00:42:00,3.65,33.2,14.6,1.000835,1.4842688,20.733438,7.475963264,2065.096232,2070.059219,0.636335172,1078.93,2.77,0.03,1.105165005,0.83921518,0.533805744,1.590507616,0.035339559,0.039884163,0.036088876,0.10918851,0.212117444,0.038344781
Ocean,Ocean,Night,2,Before,Ocean,Before_Ocean,4,7/12/2019,04:22:00,7.92,33.2,15.2,0.6282661,0.53463968,6.7854888,7.932091078,1990.893474,2143.293276,1.762467993,1189.81,8.43,2.26,1.22942234,0.854959835,0.540335308,1.532815279,0.040354643,0.046141715,0.037531216,0.154552378,0.268889002,0.051441368
1,Phyllospadix,Night,2,Before,Control,Before_Control,4,7/12/2019,04:31:00,3.64,33.1,15.3,0.6166435,0.4505816,8.093802,7.624196275,2129.495118,2179.055486,0.947992704,1418.03,8.02,1.56,1.055227973,0.974379104,0.853159514,1.30002924,0.055508566,0.064585956,0.06120569,0.206788904,0.205821176,0.045373815
2,Phyllospadix,Night,2,Before,Removal,Before_Removal,4,7/12/2019,04:33:00,3.45,33.1,15.3,0.665071,0.12192208,5.8874094,7.622724161,2142.649116,2191.928756,0.95064923,1834.2,7.85,1.3,1.210680369,0.990330919,0.778082922,1.56965386,0.052220108,0.063446747,0.052405861,0.136702064,0.240320883,0.079424377
3,Phyllospadix,Night,2,Before,Removal,Before_Removal,4,7/12/2019,04:36:00,3.96,33.1,15.4,0.800668,0.42559136,5.7765354,7.607389397,2153.216548,2198.490343,0.926208332,1434.21,8.94,1.81,1.180386609,0.927313048,1.809411186,1.583149214,0.042994564,0.050065115,0.042414167,0.065187262,0.046571699,0.017870898
4,Phyllospadix,Night,2,Before,Control,Before_Control,4,7/12/2019,04:38:00,3.05,33.2,15.4,0.5908155,0.35440704,8.4153366,7.476257882,2177.987115,2184.688265,0.694022535,1179.47,7.58,1.06,1.087675114,0.846812951,1.085011019,1.55365211,0.049187053,0.056660405,0.052093133,0.122228932,0.10423664,0.029825572
5,Phyllospadix,Night,2,Before,Control,Before_Control,4,7/12/2019,04:43:00,3.95,33.1,15.4,0.813582,0.8102896,6.9961494,7.425859195,2596.604411,2583.206133,0.73447808,1144.73,6.36,0.59,1.268770905,1.208963744,1.055128098,1.330626456,0.111756959,0.142699681,0.112470802,0.310211379,0.196879485,0.06589227
6,Phyllospadix,Night,2,Before,Removal,Before_Removal,4,7/12/2019,04:40:00,2.68,33.1,15.4,0.652157,0.36841672,7.6946556,7.375230386,2473.749877,2445.259902,0.621578398,730.31,3.01,0.62,1.026164679,1.394286485,1.958723885,1.773031138,0.202390025,0.289604887,0.282220674,0.449305604,0.293537958,0.087239715
7,Phyllospadix,Night,2,Before,Removal,Before_Removal,4,7/12/2019,04:48:00,2.94,33,15.5,2.092068,0.17568896,8.3488122,7.534721033,2435.481372,2460.418891,0.888606128,1978.88,12.77,1.44,1.040976065,0.893189302,1.49292675,1.668607065,0.099611042,0.116808353,0.112210412,0.239720474,0.178694791,0.059762203
8,Phyllospadix,Night,2,Before,Control,Before_Control,4,7/12/2019,04:50:00,3.14,33.3,15.2,1.530309,0.17720352,12.417888,7.457400629,2327.606179,2327.827383,0.705463957,1731.51,9.55,1.44,1.105689938,0.716998033,1.101992021,1.643197992,0.084113982,0.093401479,0.084473482,0.145432668,0.198791906,0.063093682
9,Mytilus,Night,2,Before,Control,Before_Control,4,7/12/2019,04:54:00,3.07,33.3,15.1,1.640078,1.779608,16.963722,7.404094474,2295.911878,2279.925898,0.611998582,1489.95,12.53,0.85,1.003879402,0.905928286,0.672113903,0.763475489,0.122857117,0.133132053,0.132617576,0.586321945,0.317373558,0.129790247
10,Mytilus,Night,2,Before,Removal,Before_Removal,4,7/12/2019,04:56:00,1.72,33.3,15.1,3.299527,4.0590208,26.05539,7.346830668,2331.427867,2298.574034,0.543325356,1363.05,10.2,0.64,1.080291051,0.917285608,1.140957177,1.697490973,0.080199607,0.095346548,0.088260055,0.236377859,0.176834643,0.043531585
11,Mytilus,Night,2,Before,Removal,Before_Removal,4,7/12/2019,04:58:00,2.59,33.3,15.1,1.769218,1.931064,21.62043,7.37705039,2133.445856,2112.351658,0.533782516,958.55,4.5,0.14,1.175306279,0.873496049,0.730542978,1.93096983,0.087370525,0.132369684,0.112625693,0.950145329,0.385458696,0.132795612
12,Mytilus,Night,2,Before,Control,Before_Control,4,7/12/2019,05:00:00,4.07,33.4,15.2,1.026663,2.2794128,13.748376,7.405683622,2095.46728,2083.067539,0.564049667,768.48,4.86,0.36,1.117034735,0.895255354,1.306047754,1.532188124,0.048276657,0.055718557,0.049880774,0.119813136,0.095309798,0.025110108
13,Mytilus,Night,2,Before,Control,Before_Control,4,7/12/2019,05:02:00,3.08,33.3,15.1,1.284943,2.4763056,14.635368,7.365659804,2139.873919,2114.874006,0.521263661,357.34,3.43,0.35,1.126468091,1.005110874,0.515944673,1.694994662,0.064602058,0.077366705,0.068680778,0.585786948,0.169881914,0.068182815
14,Mytilus,Night,2,Before,Control,Before_Control,4,7/12/2019,05:04:00,1.86,33.3,15,1.000835,2.1733936,14.524494,7.349795743,2186.999064,2155.677751,0.511111819,855.84,3.91,0.41,1.150836763,1.084928907,0.637877133,1.098983029,0.095356934,0.11616462,0.100939268,0.57694452,0.419893503,0.126411933
15,Mytilus,Night,2,Before,Removal,Before_Removal,4,7/12/2019,05:05:00,2.9,33.3,15,1.123518,0.7648528,8.6814342,7.420740557,2198.292388,2187.860387,0.60671034,1006.57,5,0.44,1.130710478,0.826414555,1.360804138,1.492693648,0.073409218,0.08161765,0.072182625,0.192765785,0.122608389,0.02235292
16,Mytilus,Night,2,Before,Removal,Before_Removal,4,7/12/2019,05:09:00,3.74,33.3,15.2,1.155803,4.16504,22.063926,7.419523258,2103.423114,2094.720623,0.583675852,826.2,2.08,0.32,1.177273782,1.399947644,0.754951111,1.553157628,0.116986022,0.174467338,0.148196062,0.724824059,0.426446933,0.124635615
Ocean,Ocean,Night,1,Before,Ocean,Before_Ocean,4,7/11/2019,03:46:00,8.4,33,14.9,0.0723184,0.71638688,8.8255704,7.978347826,1949.051642,2115.133384,1.87985878,NA,NA,NA,NA,NA,NA,NA,NA,NA,NA,NA,NA,NA
17,Mytilus,Night,1,Before,Removal,Before_Removal,4,7/11/2019,04:26:00,3.36,33.5,14.6,2.653827,0.65959088,31.155594,7.29396386,2400.282371,2346.241807,0.48541023,NA,NA,NA,NA,NA,NA,NA,NA,NA,NA,NA,NA,NA
18,Phyllospadix,Night,1,Before,Control,Before_Control,4,7/11/2019,04:29:00,3.74,33.4,14.7,1.026663,0.8178624,14.524494,7.388681573,2139.857019,2120.066503,0.542204151,NA,NA,NA,NA,NA,NA,NA,NA,NA,NA,NA,NA,NA
19,Mytilus,Night,1,Before,Control,Before_Control,4,7/11/2019,04:23:00,3.13,33.4,14.5,3.028333,2.5293152,37.918908,7.310016118,2451.485215,2401.128211,0.511846182,NA,NA,NA,NA,NA,NA,NA,NA,NA,NA,NA,NA,NA
20,Phyllospadix,Night,1,Before,Control,Before_Control,4,7/11/2019,04:21:00,3.14,33.4,14.4,1.394712,0.69063936,9.9564852,7.575970174,2213.940628,2247.403261,0.855706385,NA,NA,NA,NA,NA,NA,NA,NA,NA,NA,NA,NA,NA
21,Phyllospadix,Night,1,Before,Removal,Before_Removal,4,7/11/2019,04:19:00,3.36,33.2,14.6,1.239744,0.39530016,9.8899608,7.46340647,2271.564888,2271.263559,0.679828689,NA,NA,NA,NA,NA,NA,NA,NA,NA,NA,NA,NA,NA
22,Phyllospadix,Night,1,Before,Removal,Before_Removal,4,7/11/2019,04:17:00,4.1,33.4,14.7,2.021041,0.14918416,14.41362,7.455055559,2316.804402,2315.184121,0.685466085,NA,NA,NA,NA,NA,NA,NA,NA,NA,NA,NA,NA,NA
23,Mytilus,Night,1,Before,Removal,Before_Removal,4,7/11/2019,04:12:00,2.62,33.3,14.6,0.910437,1.13592,19.846446,7.324028879,2221.61788,2180.089663,0.480542742,NA,NA,NA,NA,NA,NA,NA,NA,NA,NA,NA,NA,NA
24,Mytilus,Night,1,Before,Removal,Before_Removal,4,7/11/2019,04:10:00,3.5,33.3,14.6,1.213916,2.3702864,20.400816,7.324031562,2095.359166,2057.40605,0.453235469,NA,NA,NA,NA,NA,NA,NA,NA,NA,NA,NA,NA,NA
25,Mytilus,Night,1,Before,Control,Before_Control,4,7/11/2019,04:08:00,3.5,33.4,14.3,5.055831,1.8932,45.181155,7.356629748,2345.334282,2314.102822,0.542111579,NA,NA,NA,NA,NA,NA,NA,NA,NA,NA,NA,NA,NA
26,Phyllospadix,Night,1,Before,Removal,Before_Removal,4,7/11/2019,04:04:00,2.56,33.2,14.6,1.588422,2.1885392,19.292076,7.478323854,2351.811907,2355.671645,0.72866578,NA,NA,NA,NA,NA,NA,NA,NA,NA,NA,NA,NA,NA
27,Phyllospadix,Night,1,Before,Control,Before_Control,4,7/11/2019,04:02:00,3.46,33.3,14.5,1.80796,0.68458112,19.292076,7.452724299,2354.359825,2350.362949,0.68581137700000006,NA,NA,NA,NA,NA,NA,NA,NA,NA,NA,NA,NA,NA
28,Phyllospadix,Night,1,Before,Removal,Before_Removal,4,7/11/2019,03:59:00,1.86,33.3,14.5,0.891066,0.49298928,15.189738,7.448800217,2399.656675,2393.019124,0.692647876,NA,NA,NA,NA,NA,NA,NA,NA,NA,NA,NA,NA,NA
29,Phyllospadix,Night,1,Before,Control,Before_Control,4,7/11/2019,03:58:00,3.57,33.3,14.6,1.2365155,0.14501912,4.8673686,7.475891982,2282.565225,2286.165842,0.704585813,NA,NA,NA,NA,NA,NA,NA,NA,NA,NA,NA,NA,NA
30,Mytilus,Night,1,Before,Control,Before_Control,4,7/11/2019,03:55:00,3.7,33.3,14.6,3.564264,1.70388,32.70783,7.494742943,2508.366062,2518.546148,0.8088916,NA,NA,NA,NA,NA,NA,NA,NA,NA,NA,NA,NA,NA
31,Mytilus,Night,1,Before,Control,Before_Control,4,7/11/2019,03:51:00,2.8,33.3,14.7,2.957306,14.464048,38.916774,7.417095412,2208.4647,2197.500894,0.596914639,NA,NA,NA,NA,NA,NA,NA,NA,NA,NA,NA,NA,NA
32,Mytilus,Night,1,Before,Removal,Before_Removal,4,7/11/2019,03:50:00,3.46,33.3,14.7,2.163095,0.9238816,24.281406,7.46506668,2088.229977,2091.706326,0.631179007,NA,NA,NA,NA,NA,NA,NA,NA,NA,NA,NA,NA,NA
Ocean,Ocean,Night,2,Before,Ocean,Before_Ocean,5,7/11/2019,04:34:00,8.57,32.9,14.9,NA,NA,NA,NA,NA,NA,NA,NA,NA,NA,NA,NA,NA,NA,NA,NA,NA,NA,NA,NA
18,Phyllospadix,Night,2,Before,Control,Before_Control,5,7/11/2019,05:29:00,3.7,33.4,14.7,1.007292,1.1132016,16.187604,7.357721105,2168.456692,2139.031159,0.51092071,1314.42,5.44,0.32,1.271318625,1.044898577,0.810235276,1.687858934,0.067302571,0.088246761,0.069413567,0.220726309,0.177005397,0.078291464
19,Mytilus,Night,2,Before,Control,Before_Control,5,7/11/2019,05:15:00,3.16,33.5,14.5,3.919399,1.7190256,42.575616,7.240874962,2726.854453,2643.380319,0.484004272,1133.02,4.98,0.36,1.582288716,1.039517265,0.349217521,1.470598366,0.092046699,0.121085822,0.076525744,0.901765187,0.41108982,0.156085997
20,Phyllospadix,Night,2,Before,Control,Before_Control,5,7/11/2019,05:09:00,3.31,33.6,14.9,1.465739,0.40817392,15.300612,7.496592295,2262.39009,2274.547982,0.746010081,1651.63,11.93,1.49,1.255227186,1.391231812,0.905008606,1.496689208,0.099336517,0.143505968,0.114326689,0.43195712000000003,0.253487828,0.075089905
21,Phyllospadix,Night,2,Before,Removal,Before_Removal,5,7/11/2019,05:11:00,2.8,33.5,14.6,0.923351,3.1843624,14.857116,7.417998794,2312.14843,2298.022188,0.626081198,1185.47,5.89,0.26,1.269590682,0.838989341,0.872873084,1.21818959,0.078766852,0.088404469,0.069632261,0.29358858,0.174721796,0.074040415
22,Phyllospadix,Night,2,Before,Removal,Before_Removal,5,7/11/2019,05:25:00,3.72,33.5,14.7,2.64737,0.1400968,13.194006,7.413089771,2386.734157,2372.051855,0.641546546,2154.62,13.6,1.81,0.996885606,0.808691718,1.074380904,1.692849868,0.071087205,0.074777775,0.07501139,0.221533236,0.165655597,0.074419433
23,Mytilus,Night,2,Before,Removal,Before_Removal,5,7/11/2019,05:04:00,2.68,33.3,14.6,1.433454,1.4236864,31.155594,7.305878325,2149.305617,2104.712696,0.445367297,689.91,1.87,0.12,0.860665881,0.885729235,0.462651772,1.811622294,0.111522141,0.131390205,0.152661106,0.763137246,0.396105308,0.144464531
24,Mytilus,Night,2,Before,Removal,Before_Removal,5,7/11/2019,05:02:00,3.68,33.3,14.6,0.96855,0.53312512,25.390146,7.3203533,2107.872299,2068.276068,0.451996473,851.56,1.62,0.1,1.010833973,1.262839094,1.144737237,2.195646822,0.098955922,0.133370463,0.131941018,0.381389031,0.221442075,0.089403663
25,Mytilus,Night,2,Before,Control,Before_Control,5,7/11/2019,04:59:00,3.92,33.5,14.3,5.8113,1.968928,40.746195,7.458346482,2329.861105,2331.527852,0.684601398,1349.56,9,0.96,1.174213354,1.07758468,0.823168237,1.79095246,0.083500528,0.10448186,0.088980303,0.432399372,0.231529522,0.066856489
26,Phyllospadix,Night,2,Before,Removal,Before_Removal,5,7/11/2019,04:37:00,3.83,33.2,14.6,1.975842,1.8098992,16.741974,7.406235238,2411.920247,2392.869514,0.63171399,634.49,0.29,0.09,1.324006647,1.497642048,0.849614158,1.672009795,0.075055859,0.108829687,0.082197236,0.259792056,0.216901202,0.050370882
27,Phyllospadix,Night,2,Before,Control,Before_Control,5,7/11/2019,04:39:00,3.03,33.4,14.4,1.827331,0.50889216,17.296344,7.371104517,2351.612999,2322.079107,0.564722887,1638.32,10.96,1.27,1.135767259,0.984477062,0.6301023,1.385930683,0.077443988,0.089518964,0.078818053,0.387022808,0.258520829,0.06395076
28,Phyllospadix,Night,2,Before,Removal,Before_Removal,5,7/11/2019,04:41:00,2.98,33.4,14.5,1.026663,0.75652272,12.19614,7.494104521,2494.797996,2502.186375,0.801571968,1767.81,8.1,0.76,1.210226658,0.701362701,0.876969225,1.676495015,0.095203618,0.104830704,0.086620719,0.288638168,0.169309282,0.060181973
29,Phyllospadix,Night,2,Before,Control,Before_Control,5,7/11/2019,04:42:00,2.51,33.3,14.6,1.898358,0.738348,10.53303,7.469338522,2409.644028,2410.771485,0.732576512,1662.32,10.22,1.09,1.204133748,0.884732462,0.727606816,1.844177393,0.112990443,0.133160233,0.110585916,0.337778811,0.448481352,0.121491702
30,Mytilus,Night,2,Before,Control,Before_Control,5,7/11/2019,04:50:00,3.6,33.4,14.5,3.383468,16.584432,44.016978,7.385265974,2523.090261,2496.71619,0.628984106,1217.04,4.56,0.37,1.183190849,0.908468712,1.680656514,1.552626242,0.079118482,0.090131445,0.07617659,0.144579734,0.082226627,0.035316592
31,Mytilus,Night,2,Before,Control,Before_Control,5,7/11/2019,04:54:00,2.8,33.4,14.7,10.3312,1.8250448,77.390052,7.433667067,2250.627054,2251.498604,0.633522521,1027.36,5.65,0.32,1.320750506,0.676601585,0.48852357,0.999957766,0.15952185,0.172978766,0.130970055,0.847005182,0.48589182,0.160815519
32,Mytilus,Night,2,Before,Removal,Before_Removal,5,7/11/2019,04:52:00,3.05,33.4,14.6,3.635291,0.5906784,30.712098,7.408857215,2166.756934,2154.549735,0.573206571,1030.54,3.82,0.15,1.333836601,0.698469725,0.516588709,1.48402342,0.109705905,0.117989912,0.088459045,0.577896651,0.385328327,0.115573102
Ocean,Ocean,Day,1,After,Ocean,After_Ocean,1,8/5/2019,07:36:00,7.032258726,35.3,10.4,1.620707,8.481536,1.718547,7.630198058,2197.706017,2236.340194,0.846820483,369.19,1.97,2.74,1.167514152,0.915479944,0.71521646,1.59541618,0.028976434,0.034224703,0.029314166,0.071565669,0.06551725,0.035924353
1,Phyllospadix,Day,1,After,Control,After_Control,1,8/5/2019,07:45:00,7.452929318,35.5,10.8,1.233287,14.804824,2.4503154,7.695781211,2178.456803,2239.050617,0.994370952,500.15,1.77,0.37,0.867392635,1.094691622,0.544521593,1.394791305,0.050265862,0.05321074,0.061345621,0.432932525,0.240355227,0.110229281
2,Phyllospadix,Day,1,After,Removal,After_Removal,1,8/5/2019,07:47:00,7.94365272,34.6,10.9,1.394712,6.2399872,2.1176934,7.782316303,2142.048027,2227.672769,1.175544073,481.79,1.41,0.4,1.249459067,1.09466935,0.767786376,1.620036188,0.034320764,0.043007505,0.034420899,0.119387905,0.11310695,0.043689881
3,Phyllospadix,Day,1,After,Removal,After_Removal,1,8/5/2019,07:51:00,7.941676072,35.6,10.9,1.9371,7.2850336,1.496799,7.781956717,2142.581585,2232.220367,1.195478591,285.6,1.55,2.3,1.167039469,1.001558436,0.382048052,1.119207801,0.042260036,0.050107297,0.042935392,0.385011205,0.315247864,0.090907485
4,Phyllospadix,Day,1,After,Control,After_Control,1,8/5/2019,07:52:00,7.456467021,34.6,11,0.936265,2.3021312,1.7518092,7.690952705,2175.52572,2232.393158,0.97453558,372.24,2.38,1.08,1.116977556,0.996493375,0.715341715,1.484801272,0.033387948,0.038940516,0.034862398,0.157071891,0.102383654,0.01718002
5,Phyllospadix,Day,1,After,Control,After_Control,1,8/5/2019,07:54:00,9.00539643,34.5,11.7,0.6457,1.6963072,1.7850714,7.953577666,2070.870285,2220.518433,1.714946872,572.15,1.4,0.25,1.104641763,0.875550831,1.425134649,1.733780732,0.046186772,0.056542075,0.051185893,0.110254542,0.07999075,0.028065744
6,Phyllospadix,Day,1,After,Removal,After_Removal,1,8/5/2019,07:55:00,8.388395328,34.6,11.7,0.6147064,5.414552,3.0157728,7.841334424,2066.56078,2173.759464,1.336606953,392.79,0.61,0.21,1.086797787,0.93399541,0.891935477,1.673872105,0.040644333,0.046867956,0.043124817,0.099720242,0.12521361,0.023126368
7,Phyllospadix,Day,1,After,Removal,After_Removal,1,8/5/2019,08:05:00,7.990401594,35.8,11.2,1.239744,4.1044576,2.0289942,7.782612624,2121.241456,2212.132373,1.203552448,403.89,1.84,1.13,1.090527587,0.874437221,0.756249861,1.624456861,0.031944682,0.03660779,0.033568881,0.094160236,0.10319393,0.039126694
8,Phyllospadix,Day,1,After,Control,After_Control,1,8/5/2019,08:07:00,7.243267567,35.7,11.3,1.4237685,5.944648,3.9582018,7.643959899,2192.848214,2240.450337,0.910496664,561.83,4.35,0.55,1.022667483,1.070979357,0.545765039,1.846038433,0.055551278,0.067907612,0.066402436,0.52415025,0.201452813,0.070755659
9,Mytilus,Day,1,After,Control,After_Control,1,8/5/2019,08:14:00,6.224922058,34.4,10.9,1.569051,5.7856192,8.8810074,7.469649274,2188.929237,2180.42556,0.584097114,402.9,0.87,0.24,1.359543435,0.958900226,0.814373673,1.661347344,0.038197504,0.051485513,0.037869708,0.091839548,0.137919183,0.047786588
10,Mytilus,Day,1,After,Removal,After_Removal,1,8/5/2019,08:16:00,6.745870023,34.5,10.8,2.350348,10.904832,7.8831414,7.567154816,2169.978519,2190.300745,0.724528777,455.11,1.09,0.24,1.205562091,1.289173143,0.785041741,1.84055526,0.04307618,0.058856615,0.048820891,0.201857322,0.105234711,0.05035852
11,Mytilus,Day,1,After,Removal,After_Removal,1,8/5/2019,08:17:00,7.485499596,34.7,10.8,1.54968,10.22328,3.9803766,7.701706312,2134.981955,2194.75547,0.973974686,496.23,1.72,0.27,0.865111177,0.974009804,0.391504745,1.150628075,0.068675291,0.071800276,0.082995432,0.796906956,0.406910998,0.172370945
12,Mytilus,Day,1,After,Control,After_Control,1,8/5/2019,08:21:00,7.052988834,34.5,11.3,2.046869,9.693184,8.3598996,7.609344885,2098.609134,2132.773941,0.78806930100000006,404.27,0.76,0.2,1.895179516,0.813061651,0.253069286,1.357309542,0.099455003,0.119915437,0.06327392,0.785817878,0.53529607,0.20520612
13,Mytilus,Day,1,After,Control,After_Control,1,8/5/2019,08:26:00,6.535150315,34.7,11.5,2.240579,8.481536,10.865652,7.509668968,2099.707271,2107.166692,0.633788481,365.61,1.76,0.45,1.036891233,0.801300964,0.716977978,1.746317077,0.033780646,0.03751672,0.036181924,0.090180732,0.138601062,0.037395334
14,Mytilus,Day,1,After,Control,After_Control,1,8/5/2019,08:29:00,6.032589375,34.7,11.4,2.395547,11.434928,13.083132,7.420980421,2190.099079,2170.795747,0.535319144,265.5,0.57,0.15,0.787214201,0.919611788,0.45861599,1.655446988,0.054371282,0.053572644,0.068053452,0.67611247,0.372341873,0.152433997
15,Mytilus,Day,1,After,Removal,After_Removal,1,8/5/2019,08:32:00,9.217806488,35.7,11.1,1.007292,2.9079552,2.1176934,8.008634981,1974.64009,2145.415325,1.839009617,493.96,1.35,0.32,1.434933974,0.79261153,0.431155109,1.037103822,0.053219744,0.060238774,0.041980172,0.312458128,0.25581657,0.057377559
16,Mytilus,Day,1,After,Removal,After_Removal,1,8/5/2019,08:48:00,8.22,35.2,11.4,1.762761,18.591224,4.6123584,7.714816898,2122.452147,2190.634448,1.030912928,527.28,1.48,0.24,1.171448651,1.296976553,0.573044964,1.824770171,0.041520774,0.056088754,0.047879823,0.23467993,0.133640764,0.050321757
Ocean,Ocean,Day,2,After,Ocean,After_Ocean,1,8/6/2019,08:24:00,8.57,35,10.8,1.297857,9.466,1.7296344,7.62829207,2100.768842,2138.986778,0.814744654,468.11,1.17,0.23,1.202564171,1.001148991,1.591612035,1.687715704,0.032768344,0.039871765000000003,0.033155624,0.072825714,0.04644702,0.023373655
17,Mytilus,Day,2,After,Removal,After_Removal,1,8/6/2019,09:06:00,12.96,35.2,12.1,1.885444,5.187368,5.4217386,7.847062236,2010.340968,2123.674904,1.351916791,458.44,0.45,0.12,1.254296874,0.978603341,0.673908602,1.749537771,0.045654791,0.055160068,0.043976884,0.178794535,0.184839574,0.04213755
18,Phyllospadix,Day,2,After,Control,After_Control,1,8/6/2019,09:20:00,7.37,35.3,12.3,1.61425,6.5201808,5.7876228,7.634270201,2159.757232,2207.513897,0.906935119,481.27,0.77,0.33,1.137816093,0.99178517,1.043118796,1.639334872,0.04588296,0.054176154,0.047614157,0.148447119,0.161851008,0.049445638
19,Mytilus,Day,2,After,Control,After_Control,1,8/6/2019,09:05:00,8.9,35.3,11.5,1.685277,6.9442576,5.6323992,7.668505401,2117.497124,2171.951066,0.931006791,364.76,0.79,0.07,1.085343464,1.002297266,0.698384858,1.666234836,0.041498862,0.048180876,0.044392285,0.116592656,0.180163817,0.042115326
20,Phyllospadix,Day,2,After,Control,After_Control,1,8/6/2019,09:14:00,9.18,35.3,11.3,1.336599,5.8462016,5.6878362,7.782858802,2168.234971,2259.070353,1.225430714,584.25,0.97,0.41,1.164177449,1.114500949,0.551220469,1.353471731,0.045666164,0.057005688,0.048966494,0.227198505,0.228673533,0.059810577
21,Phyllospadix,Day,2,After,Removal,After_Removal,1,8/6/2019,09:08:00,16.06,35.1,13.2,0.923351,2.4384416,3.4260066,8.28293145,1681.221286,1984.149889,3.000342958,469.38,0.43,0.08,1.143004493,0.854227351,0.704612723,1.636008046,0.041637819,0.049681427,0.043465645,0.100950019,0.173932875,0.024643386
22,Phyllospadix,Day,2,After,Removal,After_Removal,1,8/6/2019,09:17:00,13.6,35.2,13,1.129975,4.7102816,3.6366672,8.014524465,1895.804213,2075.090974,1.908831103,566.26,1.37,0.23,0.823915756,0.685968313,1.485114308,2.19486727,0.185776755,0.244044744,0.296201089,0.2313978,0.200838914,0.050687492
23,Mytilus,Day,2,After,Removal,After_Removal,1,8/6/2019,08:58:00,9.13,35.3,12.1,1.439911,13.971816,4.157775,7.729159731,2068.861557,2143.935215,1.069395979,553.87,1.01,0.52,1.20921047,0.90711922,0.677640996,1.663728769,0.037136123,0.046789858,0.038694552,0.091537899,0.134394919,0.016930998
24,Mytilus,Day,2,After,Removal,After_Removal,1,8/6/2019,08:56:00,10.64,35.1,11.9,2.356805,12.49512,7.0737612,7.759750678,2084.229684,2168.797518,1.141305058,553.01,0.88,0.4,1.097192689,0.961556348,1.165095294,1.632096751,0.03406248,0.041249808,0.037595774,0.094926697,0.086721051,0.020614583
25,Mytilus,Day,2,After,Control,After_Control,1,8/6/2019,08:55:00,5.68,35.4,11.4,2.71194,12.040752,18.515958,7.487098509,2137.276603,2139.702632,0.617337565,470.16,0.77,0.68,1.077439106,0.853515637,0.797001332,1.715219928,0.041271797,0.048223872,0.044757863,0.108597167,0.11144384,0.028875766
26,Phyllospadix,Day,2,After,Removal,After_Removal,1,8/6/2019,08:36:00,10.32,35.1,11.4,0.981464,6.4293072,2.272917,7.899561667,2067.268564,2196.693065,1.517267621,543.1,0.92,0.36,1.134550081,0.961339999,0.785043238,1.600281791,0.030291388,0.034700706,0.030585433,0.075136131,0.08162039,0.021467209
27,Phyllospadix,Day,2,After,Control,After_Control,1,8/6/2019,08:35:00,8.76,35.2,11.2,1.601336,7.648528,4.5901836,7.76904885,2134.673154,2219.533941,1.162853296,458.39,0.77,0.28,1.067007022,0.909626049,0.875503862,1.617233838,0.031053753,0.03499083,0.032793439,0.068343759,0.107784634,0.022859976
28,Phyllospadix,Day,2,After,Removal,After_Removal,1,8/6/2019,08:33:00,12.53,35.3,11.5,0.884609,3.180576,0.78387918,7.998791449,2050.734646,2221.660361,1.886084629,543.68,1.5,0.47,1.047824497,0.911594272,0.795669921,1.599604471,0.030793741,0.033762373,0.032221401,0.076804511,0.105279564,0.048414416
29,Phyllospadix,Day,2,After,Control,After_Control,1,8/6/2019,08:29:00,11.08,35.8,11.2,1.2365155,3.2600904,1.385925,8.047414743,2010.894595,2202.723053,2.048586169,788.57,2.15,0.51,1.169314278,1.384056212,0.653536424,1.330151283,0.056240375,0.074540714,0.063747374,0.387008026,0.195978862,0.057926685
30,Mytilus,Day,2,After,Control,After_Control,1,8/6/2019,08:47:00,7.18,35.3,11.4,14.78653,21.355296,207.33438,7.483193386,2324.321288,2335.276173,0.664123145,512.19,0.55,0.31,1.460328933,0.603399421,1.005369014,1.923996303,0.107753918,0.143849696,0.098504996,0.263740716,0.22462511,0.058312393
31,Mytilus,Day,2,After,Control,After_Control,1,8/6/2019,08:45:00,8.1,35.3,11.6,2.382633,12.87376,13.526628,7.433332855,2168.452047,2155.176009,0.556067244,382.67,0.35,0.15,1.078750833,0.940512379,0.957053908,1.713763655,0.038202965,0.04392609,0.040719403,0.100390935,0.110054328,0.032130311
32,Mytilus,Day,2,After,Removal,After_Removal,1,8/6/2019,08:44:00,10.76,35.3,11,1.478653,8.70872,3.0712098,7.81252909,2094.913772,2192.810351,1.250644063,506.38,0.95,0.27,1.222163765,0.960639681,0.918024557,1.602412844,0.0310392,0.037445608,0.030638781,0.08402496,0.046898186,0.022355527
Ocean,Ocean,Day,1,After,Ocean,After_Ocean,4,8/5/2019,10:56:00,11.07,34.7,11.3,1.633621,7.799984,2.5057524,7.984420246,2062.062934,2223.680191,1.805257057,475.42,0.85,0.32,1.951505351,2.043933329,0.508144203,1.380590555,0.057821664,0.10450358,0.05355024,0.360543701,0.247527334,0.079432266
1,Phyllospadix,Day,1,After,Control,After_Control,4,8/5/2019,11:01:00,12.15,35.3,12.4,0.761926,12.87376,2.5611894,7.672562443,2241.169642,2301.297003,1.031162592,866.44,1.53,0.36,1.150214391,1.537078887,1.338117745,1.696504714,0.063185061,0.091030488,0.079142191,0.136332256,0.080655626,0.025194252
2,Phyllospadix,Day,1,After,Removal,After_Removal,4,8/5/2019,11:03:00,20.62,34.9,13.5,1.362427,5.5054256,5.3108646,8.390134773,1716.153089,2097.089666,3.82841213,562.31,0.69,0.25,0.996928857,0.921358882,0.945956873,1.680109464,0.090564021,0.113489489,0.113839105,0.261625403,0.162461432,0.049177928
3,Phyllospadix,Day,1,After,Removal,After_Removal,4,8/5/2019,11:05:00,21.25,34.8,13.6,1.556137,2.9836832,2.8161996,8.348254291,1760.675725,2118.299499,3.621629818,572.52,0.65,0.16,1.024503051,0.84217184,0.392654508,1.500947745,0.043954025,0.046891408,0.045769906,0.16643298,0.255132347,0.036654436
4,Phyllospadix,Day,1,After,Control,After_Control,4,8/5/2019,11:06:00,13.92,34.9,14.3,0.736098,1.70388,4.7010576,7.953986158,2007.657394,2173.215795,1.854124407,563.95,0.65,0.32,1.430095797,1.182260976,0.655345111,1.657017264,0.068588115,0.096009186,0.067134793,0.436967306,0.167580039,0.052972195
5,Phyllospadix,Day,1,After,Control,After_Control,4,8/5/2019,11:08:00,20.85,35.9,14,0.684442,0.7799984,4.7786694,8.161467943,2014.573156,2290.772152,2.914478287,885.69,0.44,0.32,1.06903011,1.015681458,0.994282733,1.66967861,0.064218881,0.074848315,0.070015161,0.219847814,0.114758431,0.041503924
6,Phyllospadix,Day,1,After,Removal,After_Removal,4,8/5/2019,11:10:00,24.25,34.9,16.2,1.188088,2.7678584,5.100204,8.581197252,1414.886052,1925.078284,4.956759185,485.8,0.15,0.09,0.941817657,0.788313219,1.075338196,1.587847157,0.082593719,0.084772379,0.090009333,0.226772949,0.192838297,0.044633783
7,Phyllospadix,Day,1,After,Removal,After_Removal,4,8/5/2019,11:17:00,14.73,35,13.6,1.452825,2.499024,5.876322,8.132898028,1850.745384,2087.82276,2.449464121,640.16,1.48,0.32,1.219657635,1.133567078,0.874723756,1.46542817,0.056443067,0.069916767,0.057324912,0.269973263,0.084587949,0.039824424
8,Phyllospadix,Day,1,After,Control,After_Control,4,8/5/2019,11:19:00,9.32,34.8,14.2,1.2914,2.8738776,5.599137,7.787906361,2195.26724,2301.746706,1.396113785,1333.27,6.37,0.41,1.33109677,0.898170283,1.587027668,1.740918099,0.082100728,0.111381621,0.083676577,0.167189177,0.166464429,0.047594685
9,Mytilus,Day,1,After,Control,After_Control,4,8/5/2019,11:24:00,11.35,35.2,12.9,2.188923,7.0275584,16.187604,7.490651997,2133.8025940000002,2142.008587,0.658374834,896.79,0.39,0.2,0.962899385,0.981227549,0.381760736,1.169883562,0.065515945,0.071773344,0.074538778,0.830830433,0.443066383,0.126612826
10,Mytilus,Day,1,After,Removal,After_Removal,4,8/5/2019,11:26:00,16.82,34.8,13.4,3.887114,12.87376,13.748376,8.055685982,1904.162228,2106.340451,2.114139183,510.25,0.72,0.21,1.036514996,0.856969033,0.410859879,1.377487353,0.069773706,0.075413186,0.072756483,0.589453055,0.392969886,0.088636402
11,Mytilus,Day,1,After,Removal,After_Removal,4,8/5/2019,11:28:00,18.14,34.8,13.4,1.498024,7.269888,5.8319724,8.153114494,1842.579127,2086.78525,2.51792169,497.03,0.65,0.15,1.008582393,0.884678034,0.676248312,1.647746902,0.035983905,0.03862588,0.038297198,0.108309839,0.148138639,0.030877377
12,Mytilus,Day,1,After,Control,After_Control,4,8/5/2019,11:35:00,14.64,34.7,14.9,2.040412,6.2248416,11.309148,7.955860108,1746.349853,1903.246775,1.652112938,485.36,0.71,0.09,0.889992554,0.823062093,0.538391093,1.379872401,0.095034122,0.102353644,0.115005057,0.504656671,0.329476435,0.092916204
13,Mytilus,Day,1,After,Control,After_Control,4,8/5/2019,11:37:00,12.16,34.7,15.1,2.679655,8.935904,17.296344,7.76986861,1807.280048,1902.44555,1.142097822,456.26,3.85,0.08,0.99797447,0.86648885,0.845332107,1.80583141,0.055217597,0.061454725,0.061579457,0.171946059,0.20371509,0.025005299
14,Mytilus,Day,1,After,Control,After_Control,4,8/5/2019,11:38:00,6.97,34.9,13.8,2.330977,9.08736,17.18547,7.45504912,2189.041156,2189.245403,0.641679209,919.97,1.01,0.09,0.872773051,0.867849614,1.182497185,2.04208731,0.063920939,0.068020346,0.077935892,0.203417375,0.182589091,0.034462878
15,Mytilus,Day,1,After,Removal,After_Removal,4,8/5/2019,11:40:00,31.02,34.8,15.2,1.659449,1.400968,2.494665,8.782253437,1307.818335,1952.23097,6.2315204809999996,643.68,1.08,0.21,1.122866624,0.825350373,0.940259595,1.609330505,0.051636819,0.056414484,0.050241483,0.143698145,0.08628642,0.040298942
16,Mytilus,Day,1,After,Removal,After_Removal,4,8/5/2019,11:43:00,9.95,34.7,14.9,1.911272,16.963072,6.9074502,7.822404742,2013.307174,2130.798944,1.41933371,617,0.89,0.21,1.077313944,0.82167353,0.857271308,1.640784799,0.034541052,0.037657495,0.034954987,0.085314472,0.090911358,0.036718599
Ocean,Ocean,Day,2,After,Ocean,After_Ocean,4,8/6/2019,11:31:00,11.55,35.1,11.7,1.117061,8.481536,2.1398682,8.004573847,2003.629583,2175.176726,1.874439947,499.61,0.68,0.24,1.031145317,0.956854502,1.414475507,1.614653245,0.034941428,0.039944725,0.038738211,0.083848378,0.060787436,0.019552392
17,Mytilus,Day,2,After,Removal,After_Removal,4,8/6/2019,12:04:00,21.26,35.1,15.5,2.789424,3.4607696,8.5594728,8.306995882,1646.688596,1985.901614,3.35348921,422,0.17,0.12,0.988413551,0.878996132,0.925382236,1.705776273,0.112808183,0.124337446,0.125794963,0.54547932,0.350906089,0.108429986
18,Phyllospadix,Day,2,After,Control,After_Control,4,8/6/2019,12:13:00,9.4,35.8,15,1.459282,4.1196032,10.0119222,7.77632095,2028.055469,2133.917184,1.318925207,540.12,0.32,0.27,1.057998594,0.927520355,1.31343068,1.727877069,0.059383457,0.069924081,0.066090901,0.19266656,0.167037581,0.036971772
19,Mytilus,Day,2,After,Control,After_Control,4,8/6/2019,12:03:00,11.76,35.4,14,2.595714,7.724256,14.746242,7.773068499,1946.003966,2043.163881,1.199741314,277.46,0.13,0.08,0.962301614,0.891694943,0.926544349,1.61742216,0.06364104,0.06711726,0.069746594,0.228016039,0.199169699,0.033379772
20,Phyllospadix,Day,2,After,Control,After_Control,4,8/6/2019,12:08:00,11.25,35.9,12.8,1.401169,3.0897024,6.4972164,7.953345855,2171.416702,2340.714987,1.920085017,734.78,0.64,0.23,1.033271563,0.934990327,0.978737776,1.768849901,0.060482768,0.072376229,0.070045699,0.137346868,0.137295344,0.03261988
21,Phyllospadix,Day,2,After,Removal,After_Removal,4,8/6/2019,12:06:00,23.16,34.9,18.5,1.213916,1.0753376,6.0648078,8.735935283,1025.445225,1589.150609,5.003952146,539.89,0.19,0.11,1.11330072,0.861981958,0.851583209,1.719456269,0.100438584,0.112211991,0.100792166,0.306616279,0.252034148,0.069196321
22,Phyllospadix,Day,2,After,Removal,After_Removal,4,8/6/2019,12:10:00,22.26,35.1,18.7,1.129975,1.249512,5.765448,8.543400772,1298.286472,1785.995561,4.622218187,719.99,0.71,0.24,0.994222132,0.862225237,1.04202638,1.619927397,0.061927998,0.067095364,0.067485285,0.188368953,0.085623704,0.02514473
23,Mytilus,Day,2,After,Removal,After_Removal,4,8/6/2019,11:56:00,15.3,35.2,16.5,1.284943,7.989304,8.9142696,8.060874475,1712.215649,1925.632354,2.177441413,734.37,0.69,0.41,0.833481378,1.187519707,0.90775141,2.033256401,0.157548344,0.178967595,0.214722968,1.264260555,0.626997069,0.200159552
24,Mytilus,Day,2,After,Removal,After_Removal,4,8/6/2019,11:55:00,17.76,35.2,14.7,1.129975,3.1654304,6.597003,8.23522103,1739.327311,2034.880065,2.978383391,622.23,0.68,0.28,1.029725011,0.805781381,0.885959004,0.889599854,0.04341877,0.046982639,0.045626394,0.14394006,0.103451226,0.022255727
25,Mytilus,Day,2,After,Control,After_Control,4,8/6/2019,11:53:00,5,35.6,13.1,4.77818,14.76696,33.927444,7.47112762,2229.509639,2235.431732,0.667394299,546.61,0.28,0.12,1.085773211,0.889603188,0.79668834,1.819819666,0.063398168,0.075103989,0.069170972,0.183927844,0.244008938,0.05198622
26,Phyllospadix,Day,2,After,Removal,After_Removal,4,8/6/2019,11:38:00,29.86,35.3,15.8,1.233287,3.6500896,6.5304786,8.528259775,1429.275359,1898.743971,4.513612351,485.1,0.28,0.16,0.940160037,0.9319037,1.265718069,1.736089231,0.077879435,0.086288599,0.091780756,0.18753213,0.128162311,0.03330636
27,Phyllospadix,Day,2,After,Control,After_Control,4,8/6/2019,11:37:00,12.02,36.1,12.4,1.659449,5.528144,9.5684262,7.704219514,2213.200574,2286.828825,1.108921267,489.77,0.39,0.12,1.272285414,0.844014707,0.784224389,1.710704041,0.081477881,0.095365655,0.074956181,0.266048624,0.133514557,0.047705483
28,Phyllospadix,Day,2,After,Removal,After_Removal,4,8/6/2019,11:35:00,26.73,35.3,14.6,1.194545,1.4161136,6.153507,8.63766085,1449.641103,1999.447184,5.356780389,764.28,0.57,0.33,0.940906383,0.816892965,1.257185713,1.653127587,0.063651297,0.066484642,0.070660209,0.136269862,0.162517075,0.031416962
29,Phyllospadix,Day,2,After,Control,After_Control,4,8/6/2019,11:34:00,19.14,36.4,14.4,1.020206,1.9954328,5.820885,8.403538648,1783.612652,2210.51586,4.303274141,1531.19,1.21,0.43,1.018738091,0.865155396,1.246658705,1.730338109,0.075286828,0.085799928,0.084221772,0.203304801,0.212293164,0.031504194
30,Mytilus,Day,2,After,Control,After_Control,4,8/6/2019,11:50:00,11.31,35.3,14.5,7.94211,33.774688,252.79272,7.558543958,2291.043068,2331.689449,0.883960776,486.29,0.23,0.25,1.04441482,0.868588913,1.249031071,1.735760374,0.075694161,0.085173489,0.081551398,0.211408268,0.146737909,0.042378442
31,Mytilus,Day,2,After,Control,After_Control,4,8/6/2019,11:48:00,12.56,35.1,15.5,3.603006,14.842688,21.398682,7.471815088,2098.007011,2112.027363,0.687806866,451.14,0.2,0.21,1.074297841,0.851399389,0.694527452,1.584424847,0.103667801,0.12056281,0.112224753,0.535410948,0.268812722,0.095873906
32,Mytilus,Day,2,After,Removal,After_Removal,4,8/6/2019,11:47:00,22.01,35.3,13,1.775675,7.118432,5.155641,8.304809085,1732.056204,2055.298406,3.218126509,523.67,0.55,0.13,1.051507018,0.874685414,0.79426182,1.571872058,0.033347444,0.036797859,0.034995353,0.087548722,0.098004838,0.01456034
Ocean,Ocean,Night,2,After,Ocean,After_Ocean,1,8/8/2019,23:46:00,7.86,34.9,11.4,1.03312,2.7943632,3.6699294,7.868693484,2081.341821,2198.88921,1.421439831,355.07,0.76,0.43,1.209575541,0.776474704,0.570970545,1.819555845,0.066648998,0.074400737,0.06150979,0.219436286,0.112847462,0.044223883
1,Phyllospadix,Night,2,After,Control,After_Control,1,8/8/2019,23:54:00,6.28,35.4,11.8,0.6030838,4.846592,1.5300612,7.927589311,2066.033628,2209.766752,1.647072679,747,1.56,0.61,1.279422685,0.92869588300000006,1.053214232,1.563376939,0.029501389,0.037171315,0.029053194,0.05311895,0.064487292,0.006487974
2,Phyllospadix,Night,2,After,Removal,After_Removal,1,8/8/2019,23:59:00,6.66,35.4,11.5,0.83941,1.8856272,2.106606,7.931206712,2076.6457,2220.691406,1.649350705,729.72,1.09,0.49,1.140732734,1.076026333,0.49779571,1.400674701,0.025857836,0.032449157,0.028445889,0.139048743,0.102099589,0.037118071
3,Phyllospadix,Night,2,After,Removal,After_Removal,1,8/9/2019,00:04:00,6.81,35.4,11.5,0.90398,1.7265984,2.6277138,7.942201405,2062.387857,2210.361101,1.678206124,750.27,1.33,0.72,0.890302159,0.784849134,1.679263488,1.73005538,0.046045994,0.04950052,0.055599685,0.079045781,0.046443734,0.019464672
4,Phyllospadix,Night,2,After,Control,After_Control,1,8/9/2019,00:06:00,5.7,35.4,11.5,0.891066,2.3172768,5.044767,7.844335503,2112.426703,2224.493814,1.383561639,675.64,1.75,0.65,1.221604488,1.034121395,1.227957023,1.584259551,0.033889815,0.040746118,0.033354591,0.074538301,0.046862885,0.01439057
5,Phyllospadix,Night,2,After,Control,After_Control,1,8/9/2019,00:08:00,3.54,35.4,11.4,0.865238,1.022328,3.3040452,7.651087517,2231.67021,2280.770668,0.940796413,808.86,4.81,1.16,1.142706375,0.94421024,0.744938759,1.461269198,0.050165707,0.056883497,0.049779627,0.194964538,0.106942304,0.044490149
6,Phyllospadix,Night,2,After,Removal,After_Removal,1,8/9/2019,00:10:00,4.19,35.5,11.6,2.757139,2.0522288,1.0865652,7.673525007,2268.661644,2328.359423,1.016498461,505.94,0.4,0.37,1.207445707,0.967361978,0.730061099,1.576145305,0.03744647,0.046062552,0.038148756,0.092969267,0.111522458,0.046174981
7,Phyllospadix,Night,2,After,Removal,After_Removal,1,8/9/2019,00:18:00,6.48,35.5,11.6,0.910437,0.870872,2.6831508,7.881297982,2088.301128,2214.333711,1.493451051,808.9,1.29,0.85,1.016059025,0.989759917,1.0349948,1.767149007,0.043861636,0.053934749,0.053082299,0.109309239,0.08459249,0.032540321
8,Phyllospadix,Night,2,After,Control,After_Control,1,8/9/2019,00:21:00,4.02,35.5,11.2,1.0492625,1.912132,5.1778158,7.722132976,2153.902213,2224.20618,1.060666171,615.15,1.57,1.79,1.252454719,0.706741972,0.514983265,1.53536483,0.078227411,0.085212553,0.068036434,0.340763619,0.210199605,0.067523078
9,Mytilus,Night,2,After,Control,After_Control,1,8/9/2019,00:27:00,2.17,35.4,11.2,2.021041,4.7784368,17.296344,7.356095857,2212.355345,2173.479318,0.466227721,343.68,0.53,1.39,1.27516862,0.939873046,0.96160423,1.423281985,0.036941449,0.044524524,0.034916578,0.101974082,0.079473722,0.015363351
10,Mytilus,Night,2,After,Removal,After_Removal,1,8/9/2019,00:28:00,2.95,35.4,11.2,2.983134,7.5728,15.078864,7.455031758,2231.427033,2222.849781,0.593242712,470.96,0.96,4.62,1.207735372,1.092889744,0.8621896,1.40238397,0.040347142,0.049565312,0.041039878,0.148348835,0.089822509,0.042403502
11,Mytilus,Night,2,After,Removal,After_Removal,1,8/9/2019,00:30:00,4.43,35.4,11.2,1.039577,4.657272,8.481861,7.672864077,2114.341108,2168.432696,0.929250724,510.13,0.59,0.69,0.576807404,0.718159111,1.798275608,1.87298497,0.087849879,0.074785574,0.129654324,0.240561958,0.165276367,0.053962631
12,Mytilus,Night,2,After,Control,After_Control,1,8/9/2019,00:37:00,2.16,35.5,11.1,1.950014,4.9374656,15.300612,7.33939279,2220.226647,2175.734222,0.448707294,393.94,0.32,0.53,0.756527062,1.263569196,1.055178101,1.704643232,0.064728597,0.074808556,0.098884177,0.414488609,0.322726504,0.105475337
13,Mytilus,Night,2,After,Control,After_Control,1,8/9/2019,00:39:00,1.03,35.4,11,2.117896,4.884456,20.844312,7.265855164,2138.748959,2073.423801,0.360751296,286.1,0.24,0.55,0.895795716,1.06919861,0.900575548,1.596953291,0.056127722,0.06398377,0.071426742,0.37021386,0.243173305,0.081539631
14,Mytilus,Night,2,After,Control,After_Control,1,8/9/2019,00:41:00,0.85,35.4,11.2,1.465739,4.16504,17.628966,7.282978009,2163.01309,2102.391199,0.383235431,391.96,0.89,0.56,1.286492549,1.062081275,0.591766935,1.656393227,0.038515808,0.049737788,0.038661544,0.145899831,0.14389363,0.047530832
15,Mytilus,Night,2,After,Removal,After_Removal,1,8/9/2019,00:45:00,4.66,35.5,11,5.714445,10.336872,0.38417841,7.591501022,2219.797572,2254.002297,0.804589539,670.5,1.44,4.81,1.12431823,0.801755249,0.659193224,1.487263877,0.07270765,0.082202278,0.073112999,0.364076709,0.285178785,0.091408386
16,Mytilus,Night,2,After,Removal,After_Removal,1,8/9/2019,00:34:00,5.13,35.4,11.1,1.840245,11.54852,10.7658654,7.71149408,2041.391946,2106.74856,0.975696326,599.99,0.63,0.32,1.084545138,1.124545307,0.664782406,1.636864537,0.039483605,0.050724051,0.046769885,0.194260466,0.129431315,0.045397357
Ocean,Ocean,Night,1,After,Ocean,After_Ocean,1,8/7/2019,22:45:00,8.6,35.6,11.2,1.091233,8.70872,1.330488,7.788074707,2140.110897,2232.427531,1.225174528,500.88,1.01,0.64,1.183496529,0.931274536,0.781664662,1.656188023,0.027388905,0.032677124,0.027610663,0.060301205,0.064360242,0.042207351
17,Mytilus,Night,1,After,Removal,After_Removal,1,8/7/2019,23:47:00,4.5,35.6,11.2,1.168717,3.1275664,5.4771756,7.582749435,2205.082222,2233.215122,0.791047631,660,0.68,0.31,1.364540757,2.014332881,1.035970655,1.825607086,0.168420444,0.290396029,0.212815944,0.627526675,0.321355815,0.087001776
18,Phyllospadix,Night,1,After,Control,After_Control,1,8/7/2019,23:59:00,4.5,35.6,11.7,1.536766,6.3838704,9.7901742,7.542430084,2131.777857,2150.583492,0.71110484,578.29,0.89,0.31,1.142734485,0.903240643,0.75557704,1.474501596,0.045811968,0.053742986,0.047030161,0.279843367,0.17898994,0.061550893
19,Mytilus,Night,1,After,Control,After_Control,1,8/7/2019,23:45:00,3.8,35.6,12,1.995213,7.0654224,9.6793002,7.573900484,2178.08143,2207.688308,0.79080995,387.9,0.4,0.05,1.29015235,0.947838764,0.658163027,1.613591247,0.059947043,0.076672618,0.05942912,0.316208523,0.199184706,0.068282257
20,Phyllospadix,Night,1,After,Control,After_Control,1,8/7/2019,23:52:00,4.4,35.7,11.6,1.594879,4.2634864,6.5637408,7.57048947,2284.403395,2311.156475,0.811082819,938.22,1.53,0.35,1.142216536,0.930430678,0.686200517,1.570969777,0.040135798,0.048705403,0.042641129,0.114391431,0.157849415,0.040297169
21,Phyllospadix,Night,1,After,Removal,After_Removal,1,8/7/2019,23:50:00,4.81,35.7,11.4,1.323685,4.92232,6.0869826,7.535347888,2263.351793,2278.345137,0.734994431,466.59,0.65,0.08,0.926976026,1.584517746,0.853232358,2.031022091,0.085987336,0.115365499,0.124453595,0.251195911,0.142715404,0.069413549
22,Phyllospadix,Night,1,After,Removal,After_Removal,1,8/7/2019,23:56:00,3.52,35.7,11.9,1.155803,4.1120304,5.4106512,7.637181685,2183.268199,2231.05539,0.914398654,534.36,0.77,0.39,1.170945259,1.291771119,0.829429589,1.957993768,0.078764363,0.109350172,0.093386238,0.22074032,0.149843363,0.058050636
23,Mytilus,Night,1,After,Removal,After_Removal,1,8/7/2019,23:38:00,4.39,35.7,11.9,1.168717,13.44172,3.658842,7.668545244,2157.551325,2214.856337,0.970675502,577.48,2.01,0.33,1.09349614,1.059735814,0.428606402,1.200820723,0.036931326,0.045664276,0.041759888,0.320748096,0.221813893,0.069714774
24,Mytilus,Night,1,After,Removal,After_Removal,1,8/7/2019,23:37:00,6,35.7,11.5,4.293905,10.147552,0.6763314,7.744962453,2076.086935,2157.797879,1.093221252,602.75,1.32,0.49,1.075615564,0.959922003,1.012261205,1.441765968,0.03315431,0.038278622,0.035587642,0.113311003,0.070892508,0.025356881
25,Mytilus,Night,1,After,Control,After_Control,1,8/7/2019,23:32:00,4.23,35.7,11.4,1.924186,7.648528,10.8545646,7.491559388,2165.507291,2168.845292,0.635313504,406.86,1.08,0.17,1.002679271,0.97751207,0.981838132,1.737819503,0.064090011,0.07495739,0.074757095,0.277308576,0.178473296,0.07159489
26,Phyllospadix,Night,1,After,Removal,After_Removal,1,8/7/2019,23:02:00,5.77,35.6,11.3,0.923351,7.38348,2.328354,7.709381111,2191.672939,2259.083896,1.054485029,387,0.65,0.29,1.170076692,0.976624404,0.606456019,1.63103575,0.029217883,0.037004442,0.031625655,0.081646875,0.117787791,0.045615648
27,Phyllospadix,Night,1,After,Control,After_Control,1,8/7/2019,23:00:00,4.96,35.6,11.3,1.181631,4.9526112,3.6699294,7.593447479,2230.128547,2261.931063,0.823296118,577.59,1.04,0.43,1.097826984,0.820459091,0.462840759,1.418183256,0.06598115,0.073606399,0.067047358,0.489090832,0.310992356,0.101277812
28,Phyllospadix,Night,1,After,Removal,After_Removal,1,8/7/2019,22:55:00,5.22,35.6,11.4,1.194545,5.6114448,2.1953052,7.666658165,2140.039086,2194.102587,0.938018822,651.49,1.48,0.33,1.350636238,1.084329838,0.481416965,0.832102928,0.06724132,0.082870648,0.061356748,0.37805505700000003,0.177113492,0.074037843
29,Phyllospadix,Night,1,After,Control,After_Control,1,8/7/2019,22:52:00,4.41,35.7,11.5,1.7401615,5.982512,2.2840044,7.639028144,2228.01842,2275.526844,0.922119887,718.14,1.91,0.95,1.229732642,1.077850753,1.044699646,1.617925196,0.036017581,0.045885058,0.037313036,0.120903824,0.055162931,0.033733784
30,Mytilus,Night,1,After,Control,After_Control,1,8/7/2019,23:25:00,20.8,35.6,11.3,2.724854,10.071824,18.626832,7.350343064,2216.234573,2176.962695,0.464281456,361,0.28,0.57,1.123933434,0.949296646,0.775934131,1.640144183,0.042964611,0.052118329,0.046371367,0.154954674,0.15820773899999999,0.044975801
31,Mytilus,Night,1,After,Control,After_Control,1,8/7/2019,23:23:00,1.72,35.6,11.4,4.758809,19.916464,32.042586,7.340723526,2099.660507,2062.943734,0.431749559,342.49,0.44,0.17,0.947036442,1.192191846,0.815329353,1.701425122,0.0682373,0.083673013,0.088352474,0.427266038,0.23812969,0.077582374
32,Mytilus,Night,1,After,Removal,After_Removal,1,8/7/2019,23:20:00,6.45,35.7,11.3,1.620707,8.481536,5.488263,7.692265828,2149.141899,2211.552367,0.996266319,478.44,0.61,0.29,1.198040637,1.211038679,0.903043165,1.680046035,0.034867829,0.045453616,0.037939962,0.084643667,0.099864142,0.018632437
Ocean,Ocean,Night,2,After,Ocean,After_Ocean,4,8/9/2019,03:15:00,8.11,35.4,11.6,1.123518,3.1502848,2.21748,7.854074274,2104.605015,2220.788176,1.414284061,455.57,0.84,1.03,1.112253028,0.963156684,1.292614492,1.594214786,0.029031856,0.033325671,0.029962311,0.05599065,0.040920268,0.00850033
1,Phyllospadix,Night,2,After,Control,After_Control,4,8/9/2019,03:21:00,1.89,35.5,11.2,0.703813,2.0219376,3.5923176,7.481951231,2276.328822,2273.22505,0.645514197,1038.8,0.81,0.51,1.08767559,0.971932125,0.85164441,1.334483858,0.072050148,0.085208937,0.078340397,0.252080145,0.186441733,0.069107966
2,Phyllospadix,Night,2,After,Removal,After_Removal,4,8/9/2019,03:22:00,2.66,35.5,10.9,0.736098,1.0526192,3.2929578,7.511267916,2266.099247,2270.726771,0.679569659,762.87,0.43,0.52,1.051268287,0.991499468,1.383756379,1.518793862,0.040062689,0.048382091,0.046022592,0.080919575999999993,0.057242725,0.014211031
3,Phyllospadix,Night,2,After,Removal,After_Removal,4,8/9/2019,03:24:00,3.46,35.5,10.9,1.052491,1.8098992,3.9692892,7.420601688,2324.41257,2301.007284,0.564143391,801.55,0.48,0.33,1.239298241,0.887826469,1.109515967,1.602572061,0.042743596,0.049369651,0.03983678,0.117913513,0.076995562,0.034113347
4,Phyllospadix,Night,2,After,Control,After_Control,4,8/9/2019,03:25:00,0.92,35.5,10.9,1.343056,1.1965024,7.1846352,7.413438909,2380.461883,2354.029683,0.568118747,786.96,0.56,0.88,1.182487138,0.947383041,1.069686234,1.536786303,0.037599399,0.043505851,0.036791817,0.098152418,0.058011973,0.026615781
5,Phyllospadix,Night,2,After,Control,After_Control,4,8/9/2019,03:28:00,0.81,35.5,10.4,0.807125,0.908736,2.7275004,7.312400234,2756.050642,2681.862172,0.507522349,1336.94,15.18,1.44,1.09140631,0.948129441,1.378858901,1.676890625,0.066299268,0.076081589,0.069709684,0.163745487,0.091112688,0.026901121
6,Phyllospadix,Night,2,After,Removal,After_Removal,4,8/9/2019,03:27:00,1.44,35.6,10.5,0.600501,2.631548,3.936027,7.370195082,2544.088009,2497.532479,0.540403912,479.71,0.08,0.32,1.241463004,0.901301583,1.536761234,1.583720217,0.053146284,0.061941545,0.049893992,0.099426354,0.051757239,0.022859375
7,Phyllospadix,Night,2,After,Removal,After_Removal,4,8/9/2019,03:36:00,2.89,35.5,11,1.375341,0.66413456,5.7321858,7.589296169,2284.76754,2314.000391,0.82394694,855.14,0.83,0.41,1.253128626,0.884618128,0.663062818,1.874005929,0.071678938,0.083202761,0.066396026,0.257035145,0.144270826,0.057014199
8,Phyllospadix,Night,2,After,Control,After_Control,4,8/9/2019,03:38:00,0.81,35.5,10.6,1.6239355,0.56796,5.820885,7.385571337,2460.19697,2422.054732,0.543158889,1488.06,6.24,0.6,0.918573607,1.008425123,0.675322312,1.386385056,0.070134648,0.083299877,0.090683943,0.286926297,0.17283334,0.068684063
9,Mytilus,Night,2,After,Control,After_Control,4,8/9/2019,03:42:00,1.23,35.5,10.8,2.402004,3.7939728,20.733438,7.28462059,2296.721123,2231.41021,0.402502335,630.33,0.52,1.01,1.768569913,0.71934144,0.541898357,0.928097388,0.072510794,0.083705553,0.047329513,0.258947846,0.093449734,0.02901281
10,Mytilus,Night,2,After,Removal,After_Removal,4,8/9/2019,03:44:00,2.11,35.5,10.8,5.159143,14.00968,22.507422,7.310567548,2357.591372,2301.554809,0.439491126,520.06,0.29,0.92,1.214339493,0.922019542,1.007222851,1.581217042,0.048000358,0.058339725,0.048042352,0.147259472,0.090028473,0.058528493
11,Mytilus,Night,2,After,Removal,After_Removal,4,8/9/2019,03:45:00,2.76,35.5,10.9,1.775675,6.2021232,13.415754,7.394080859,2228.619823,2199.716478,0.508228898,486.1,0.41,0.23,0.839106895,0.764619706,2.278785125,1.772193873,0.089435425,0.089712602,0.106914391,0.199161149,0.106874677,0.059607454
12,Mytilus,Night,2,After,Control,After_Control,4,8/9/2019,03:50:00,2.23,35.5,10.7,2.253493,6.2778512,18.959454,7.257112097,2227.569623,2155.102162,0.364039863,360.7,0.19,0.4,0.899114866,0.982363896,1.521168343,1.862395862,0.122099046,0.142942333,0.15898117,0.499953919,0.218073468,0.084232884
13,Mytilus,Night,2,After,Control,After_Control,4,8/9/2019,03:51:00,1.44,35.5,10.5,2.724854,5.982512,25.833642,7.253694851,2258.050343,2182.847501,0.362975768,393.38,1.15,0.41,1.127521527,1.049735622,1.594564436,1.628174364,0.04026145,0.047594145,0.042211296,0.088834395,0.048850179,0.021904658
14,Mytilus,Night,2,After,Control,After_Control,4,8/9/2019,03:54:00,1.4,35.6,10.8,2.040412,3.4910608,20.179068,7.289782749,2402.552311,2335.147268,0.427018015,570.31,1.87,1.28,1.051047086,0.883747839,1.021817591,1.418162688,0.067606877,0.073880916,0.070292679,0.236231129,0.125284367,0.033959768
15,Mytilus,Night,2,After,Removal,After_Removal,4,8/9/2019,03:56:00,2.19,35.6,10.4,0.910437,2.1279568,3.8362404,7.373113185,2250.207462,2211.809818,0.47930069,626.89,0.61,0.52,0.71357671,1.068429071,1.037672953,2.233606876,0.085224878,0.09349526,0.131023418,0.305109037,0.117737181,0.066067872
16,Mytilus,Night,2,After,Removal,After_Removal,4,8/9/2019,04:00:00,3.59,35.5,10.7,1.362427,13.63104,8.5705602,7.434119407,2128.710793,2112.364526,0.528915399,541.33,0.37,0.64,1.196211224,1.283579294,0.727030131,1.686193164,0.037859048,0.050382783,0.042118635,0.206185427,0.11305158,0.051251652
Ocean,Ocean,Night,1,After,Ocean,After_Ocean,4,8/8/2019,02:26:00,7.31,35.6,11.4,1.16226,9.08736,3.4038318,7.696376693,2103.299585,2166.093747,0.986453168,506.85,0.69,0.36,0.539681519,0.561539451,0.54394925,1.39120055,0.10958466,0.104990529,0.194541642,0.318063545,0.259122541,0.089451572
17,Mytilus,Night,1,After,Removal,After_Removal,4,8/8/2019,03:44:00,1.23,35.7,12.1,2.699026,7.1865872,15.300612,7.304946366,2274.448178,2222.512058,0.443076178,510.98,0.31,0.17,0.814928413,0.920078806,1.200095956,1.97207934,0.10663027,0.128750664,0.157990152,0.357968097,0.220598842,0.089051005
18,Phyllospadix,Night,1,After,Control,After_Control,4,8/8/2019,03:53:00,1.15,35.7,12.4,1.336599,3.899992,8.925357,7.297786913,2242.549636,2189.167308,0.434869423,583.19,0.79,0.23,1.153957055,1.731506855,0.943008666,2.184713513,0.099227554,0.155560753,0.134806362,0.426666197,0.195957133,0.077476033
19,Mytilus,Night,1,After,Control,After_Control,4,8/8/2019,03:42:00,0.92,35.7,11.8,2.143724,4.2483408,14.746242,7.305921104,2319.600674,2264.851677,0.447327848,537.09,0.39,0.23,1.354289039,0.889464563,1.401364903,1.635872392,0.048641408,0.059095395,0.043635733,0.09275451,0.046887667,0.016652427
20,Phyllospadix,Night,1,After,Control,After_Control,4,8/8/2019,03:36:00,0.96,35.8,11.8,1.284943,3.9605744,3.4592688,7.335750205,2322.583894,2276.867955,0.481538655,1009.37,6.39,0.4,1.285674585,0.95642348,1.05603558,1.283826471,0.048807134,0.057720014,0.04489473,0.11040392,0.064390394,0.023416125
21,Phyllospadix,Night,1,After,Removal,After_Removal,4,8/8/2019,03:39:00,1.66,35.6,12.6,1.330142,2.8322272,7.6170438,7.371569756,2379.550821,2346.889009,0.552927798,402.3,0.17,0.24,1.112496522,0.940995493,1.469996529,1.48300958,0.040821351,0.047351077,0.042562899,0.087580379,0.033903453,0.019325295
22,Phyllospadix,Night,1,After,Removal,After_Removal,4,8/8/2019,03:49:00,1.66,35.7,12.7,1.61425,1.9007728,4.5680088,7.467020672,2381.160246,2379.809698,0.695770655,620.42,0.6,0.27,1.018228748,1.034694265,1.254768549,1.477639598,0.047273921000000003,0.055209402,0.05422102,0.137783686,0.084663679,0.038349116
23,Mytilus,Night,1,After,Removal,After_Removal,4,8/8/2019,03:27:00,2.31,35.7,12.1,4.209964,6.588336,17.73984,7.417298698,2204.898691,2190.853807,0.559761287,685.82,2.2,0.57,0.665030539,0.909736497,1.178337035,1.694422758,0.065025216,0.060124878,0.090409198,0.256144,0.200420391,0.062038548
24,Mytilus,Night,1,After,Removal,After_Removal,4,8/8/2019,03:25:00,3.12,35.9,12.1,1.065405,3.0215472,6.3309054,7.466215508,2159.550939,2157.894978,0.616690345,646.71,1.11,0.48,1.150392748,1.075721304,0.820492525,1.652607733,0.035356577,0.044600718,0.038769992,0.192626849,0.087055942,0.022212645
25,Mytilus,Night,1,After,Control,After_Control,4,8/8/2019,03:16:00,1.23,35.8,11.9,4.074367,7.042704,18.183336,7.341474148,2289.432147,2249.533412,0.483121935,611.47,0.29,0.13,1.023795791,1.007248809,1.297414068,1.984954787,0.069337279,0.085875503,0.083879523,0.23812592,0.114649125,0.038698308
26,Phyllospadix,Night,1,After,Removal,After_Removal,4,8/8/2019,02:35:00,1.45,35.7,11.7,1.54968,3.8015456,6.1867692,7.330952397,2341.705014,2293.545465,0.477217083,911.39,0.73,0.45,1.05247061,0.932582559,1.413248179,1.615574657,0.046293599,0.055465293,0.052700087,0.097501688,0.039922916,0.021394772
27,Phyllospadix,Night,1,After,Control,After_Control,4,8/8/2019,02:33:00,0.79,35.7,11.6,1.504481,1.5599968,7.594869,7.248783472,2334.851116,2258.771812,0.389707971,1388.21,1.93,0.77,0.963400642,1.042841807,0.615094673,1.334659596,0.070429384,0.082636607,0.085775952,0.429418478,0.204228083,0.058014479
28,Phyllospadix,Night,1,After,Removal,After_Removal,4,8/8/2019,02:31:00,1.03,35.7,11.7,0.942722,2.4384416,3.4814436,7.304164906,2330.948637,2273.703987,0.445795811,972.11,0.8,0.29,1.007777692,0.918038254,0.699102354,1.191842266,0.041769509,0.046996503,0.0466338,0.219278954,0.107906333,0.027900926
29,Phyllospadix,Night,1,After,Control,After_Control,4,8/8/2019,02:29:00,0.84,35.7,12,2.556972,2.7602856,7.872054,7.25922055,2393.324609,2321.397135,0.416427345,1414.71,4.33,1.15,1.043148013,1.12340143,0.92945961,1.689413967,0.063337121,0.078437254,0.075192832,0.280292997,0.135919656,0.056040118
30,Mytilus,Night,1,After,Control,After_Control,4,8/8/2019,02:52:00,0.87,35.7,11.5,7.42555,20.44656,39.471144,7.31751868,2588.352176,2533.232271,0.506749287,594.22,0.49,0.77,1.051595454,1.257330106,0.466299224,1.659125218,0.190742657,0.278894725,0.265211041,1.391156294,0.765103266,0.241155306
31,Mytilus,Night,1,After,Control,After_Control,4,8/8/2019,02:50:00,1.08,35.6,11.8,8.3941,14.38832,42.68649,7.389659284,2269.545434,2248.594171,0.532464754,564.54,0.39,0.23,1.214241541,1.04519112,1.740311111,1.694688025,0.055888358,0.070353424,0.057940222,0.118191061,0.064368785,0.004067242
32,Mytilus,Night,1,After,Removal,After_Removal,4,8/8/2019,02:48:00,4.17,35,11.6,1.646535,8.102896,6.6413526,7.486912076,2139.892532,2141.033812,0.618498096,582.46,0.49,0.16,1.132813343,1.006935625,0.801412588,1.603701829,0.031985814,0.038159257,0.033685388,0.089902732,0.076815812,0.020340684
